round,cube,quad,mask,type,qpin,result,seconds,conflicts
r1,0,0-1-2-3,C..K.K..,single-B endpoint,0,UNSAT,6.7,25
r1,0,0-1-2-3,C...C...,double-B star,0,UNSAT,6.5,25
r1,0,0-1-2-3,K.K.K.K.,alternating,0,UNSAT,7.6,104
r1,0,0-1-2-3,K.K..C..,single-B endpoint,0,UNSAT,8.5,25
r1,0,0-1-2-3,K..C..K.,single-B endpoint,0,UNSAT,7.7,95
r1,0,0-1-2-3,.C..K.K.,single-B endpoint,0,UNSAT,6.1,25
r1,0,0-1-2-3,.C...C..,double-B star,0,UNSAT,8.2,25
r1,0,0-1-2-3,.K.K.K.K,alternating,0,UNSAT,9.1,867
r1,0,0-1-2-3,.K.K..C.,single-B endpoint,0,UNSAT,8.6,25
r1,0,0-1-2-3,.K..C..K,single-B endpoint,0,UNSAT,6.6,185
r1,0,0-1-2-3,..C..K.K,single-B endpoint,0,UNSAT,11.7,1691
r1,0,0-1-2-3,..C...C.,double-B star,0,UNSAT,6.6,25
r1,0,0-1-2-3,..K.K..C,single-B endpoint,0,UNSAT,8.9,252
r1,0,0-1-2-3,...C...C,double-B star,0,UNSAT,11.6,1095
r1,10,0-1-3-6,C..K.K..,single-B endpoint,0,UNSAT,9.4,1124
r1,10,0-1-3-6,C...C...,double-B star,0,UNSAT,28.7,2941
r1,10,0-1-3-6,K.K.K.K.,alternating,0,UNSAT,20.7,2860
r1,10,0-1-3-6,K.K..C..,single-B endpoint,0,UNSAT,63.4,6687
r1,10,0-1-3-6,K..C..K.,single-B endpoint,0,UNSAT,11.3,526
r1,10,0-1-3-6,.C..K.K.,single-B endpoint,0,UNSAT,52.3,4834
r1,10,0-1-3-6,.C...C..,double-B star,0,UNKNOWN,103.4,9004
r1,10,0-1-3-6,.K.K.K.K,alternating,0,UNSAT,11.9,789
r1,10,0-1-3-6,.K.K..C.,single-B endpoint,0,UNSAT,16.4,2066
r1,10,0-1-3-6,.K..C..K,single-B endpoint,0,UNSAT,12.0,1284
r1,10,0-1-3-6,..C..K.K,single-B endpoint,0,UNSAT,20.7,2642
r1,10,0-1-3-6,..C...C.,double-B star,0,UNSAT,90.2,10237
r1,10,0-1-3-6,..K.K..C,single-B endpoint,0,UNSAT,16.5,1565
r1,10,0-1-3-6,...C...C,double-B star,0,UNSAT,51.1,3960
r1,11,0-1-3-7,C..K.K..,single-B endpoint,0,UNSAT,12.7,1468
r1,11,0-1-3-7,C...C...,double-B star,0,UNSAT,21.3,2868
r1,11,0-1-3-7,K.K.K.K.,alternating,0,UNSAT,51.0,4392
r1,11,0-1-3-7,K.K..C..,single-B endpoint,0,UNSAT,88.5,11118
r1,11,0-1-3-7,K..C..K.,single-B endpoint,0,UNSAT,10.3,1434
r1,11,0-1-3-7,.C..K.K.,single-B endpoint,0,UNSAT,108.0,13484
r1,11,0-1-3-7,.C...C..,double-B star,0,UNKNOWN,109.1,12003
r1,11,0-1-3-7,.K.K.K.K,alternating,0,UNSAT,15.1,1652
r1,11,0-1-3-7,.K.K..C.,single-B endpoint,0,UNSAT,54.5,5327
r1,11,0-1-3-7,.K..C..K,single-B endpoint,0,UNSAT,22.4,2367
r1,11,0-1-3-7,..C..K.K,single-B endpoint,0,UNSAT,66.5,7029
r1,11,0-1-3-7,..C...C.,double-B star,0,UNSAT,69.8,8727
r1,11,0-1-3-7,..K.K..C,single-B endpoint,0,UNSAT,50.7,4161
r1,11,0-1-3-7,...C...C,double-B star,0,UNSAT,21.7,2190
r1,12,0-1-3-8,C..K.K..,single-B endpoint,0,UNSAT,23.0,2998
r1,12,0-1-3-8,C...C...,double-B star,0,UNSAT,47.9,4444
r1,12,0-1-3-8,K.K.K.K.,alternating,0,UNSAT,58.3,5118
r1,12,0-1-3-8,K.K..C..,single-B endpoint,0,UNKNOWN,100.1,12007
r1,12,0-1-3-8,K..C..K.,single-B endpoint,0,UNSAT,18.2,2171
r1,12,0-1-3-8,.C..K.K.,single-B endpoint,0,UNKNOWN,103.8,12002
r1,12,0-1-3-8,.C...C..,double-B star,0,UNKNOWN,117.0,12005
r1,12,0-1-3-8,.K.K.K.K,alternating,0,UNSAT,8.5,1152
r1,12,0-1-3-8,.K.K..C.,single-B endpoint,0,UNSAT,59.7,7106
r1,12,0-1-3-8,.K..C..K,single-B endpoint,0,UNSAT,16.8,2202
r1,12,0-1-3-8,..C..K.K,single-B endpoint,0,UNSAT,57.7,7406
r1,12,0-1-3-8,..C...C.,double-B star,0,UNSAT,83.8,9883
r1,12,0-1-3-8,..K.K..C,single-B endpoint,0,UNSAT,16.2,1666
r1,12,0-1-3-8,...C...C,double-B star,0,UNSAT,42.6,4497
r1,13,0-1-3-9,C..K.K..,single-B endpoint,0,UNSAT,17.2,1854
r1,13,0-1-3-9,C...C...,double-B star,0,UNSAT,58.2,6623
r1,13,0-1-3-9,K.K.K.K.,alternating,0,UNSAT,63.7,6519
r1,13,0-1-3-9,K.K..C..,single-B endpoint,0,UNKNOWN,132.0,15003
r1,13,0-1-3-9,K..C..K.,single-B endpoint,0,UNSAT,21.1,2484
r1,13,0-1-3-9,.C..K.K.,single-B endpoint,0,UNKNOWN,110.3,12001
r1,13,0-1-3-9,.C...C..,double-B star,0,UNKNOWN,108.9,9001
r1,13,0-1-3-9,.K.K.K.K,alternating,0,UNSAT,21.6,3143
r1,13,0-1-3-9,.K.K..C.,single-B endpoint,0,UNSAT,69.5,7719
r1,13,0-1-3-9,.K..C..K,single-B endpoint,0,UNSAT,46.1,4410
r1,13,0-1-3-9,..C..K.K,single-B endpoint,0,UNSAT,44.4,4912
r1,13,0-1-3-9,..C...C.,double-B star,0,UNSAT,69.1,8153
r1,13,0-1-3-9,..K.K..C,single-B endpoint,0,UNSAT,43.0,3568
r1,13,0-1-3-9,...C...C,double-B star,0,UNSAT,21.6,2626
r1,14,0-1-3-10,C..K.K..,single-B endpoint,0,UNSAT,62.1,5370
r1,14,0-1-3-10,C...C...,double-B star,0,UNSAT,52.5,4845
r1,14,0-1-3-10,K.K.K.K.,alternating,0,UNSAT,67.1,7474
r1,14,0-1-3-10,K.K..C..,single-B endpoint,0,UNKNOWN,109.1,12001
r1,14,0-1-3-10,K..C..K.,single-B endpoint,0,UNSAT,21.0,2373
r1,14,0-1-3-10,.C..K.K.,single-B endpoint,0,UNKNOWN,101.8,12002
r1,14,0-1-3-10,.C...C..,double-B star,0,UNKNOWN,107.3,9000
r1,14,0-1-3-10,.K.K.K.K,alternating,0,UNSAT,27.9,3499
r1,14,0-1-3-10,.K.K..C.,single-B endpoint,0,UNSAT,22.6,2633
r1,14,0-1-3-10,.K..C..K,single-B endpoint,0,UNSAT,63.3,4445
r1,14,0-1-3-10,..C..K.K,single-B endpoint,0,UNSAT,47.0,4284
r1,14,0-1-3-10,..C...C.,double-B star,0,UNSAT,58.8,5625
r1,14,0-1-3-10,..K.K..C,single-B endpoint,0,UNSAT,24.0,2217
r1,14,0-1-3-10,...C...C,double-B star,0,UNSAT,18.4,2378
r1,15,0-1-3-11,C..K.K..,single-B endpoint,0,UNSAT,57.2,5378
r1,15,0-1-3-11,C...C...,double-B star,0,UNSAT,62.7,5335
r1,15,0-1-3-11,K.K.K.K.,alternating,0,UNSAT,94.4,11351
r1,15,0-1-3-11,K.K..C..,single-B endpoint,0,UNKNOWN,108.2,12003
r1,15,0-1-3-11,K..C..K.,single-B endpoint,0,UNSAT,19.9,2096
r1,15,0-1-3-11,.C..K.K.,single-B endpoint,0,UNKNOWN,102.4,12003
r1,15,0-1-3-11,.C...C..,double-B star,0,UNKNOWN,110.2,9005
r1,15,0-1-3-11,.K.K.K.K,alternating,0,UNSAT,25.6,3337
r1,15,0-1-3-11,.K.K..C.,single-B endpoint,0,UNSAT,51.2,3863
r1,15,0-1-3-11,.K..C..K,single-B endpoint,0,UNSAT,68.3,6597
r1,15,0-1-3-11,..C..K.K,single-B endpoint,0,UNSAT,60.8,5796
r1,15,0-1-3-11,..C...C.,double-B star,0,UNSAT,64.3,7334
r1,15,0-1-3-11,..K.K..C,single-B endpoint,0,UNSAT,18.9,1909
r1,15,0-1-3-11,...C...C,double-B star,0,UNSAT,21.9,1960
r1,16,0-1-3-12,C..K.K..,single-B endpoint,0,UNSAT,60.3,5143
r1,16,0-1-3-12,C...C...,double-B star,0,UNSAT,54.4,3954
r1,16,0-1-3-12,K.K.K.K.,alternating,0,UNSAT,100.8,11938
r1,16,0-1-3-12,K.K..C..,single-B endpoint,0,UNKNOWN,110.6,12004
r1,16,0-1-3-12,K..C..K.,single-B endpoint,0,UNSAT,21.1,2998
r1,16,0-1-3-12,.C..K.K.,single-B endpoint,0,UNKNOWN,109.5,12001
r1,16,0-1-3-12,.C...C..,double-B star,0,UNKNOWN,107.2,9000
r1,16,0-1-3-12,.K.K.K.K,alternating,0,UNSAT,22.9,3443
r1,16,0-1-3-12,.K.K..C.,single-B endpoint,0,UNSAT,59.2,5404
r1,16,0-1-3-12,.K..C..K,single-B endpoint,0,UNSAT,62.3,5251
r1,16,0-1-3-12,..C..K.K,single-B endpoint,0,UNSAT,63.6,6133
r1,16,0-1-3-12,..C...C.,double-B star,0,UNSAT,57.9,5866
r1,16,0-1-3-12,..K.K..C,single-B endpoint,0,UNSAT,30.7,3361
r1,16,0-1-3-12,...C...C,double-B star,0,UNSAT,53.7,3904
r1,17,0-1-3-13,C..K.K..,single-B endpoint,0,UNSAT,71.7,6996
r1,17,0-1-3-13,C...C...,double-B star,0,UNSAT,70.9,5269
r1,17,0-1-3-13,K.K.K.K.,alternating,0,UNSAT,77.0,7964
r1,17,0-1-3-13,K.K..C..,single-B endpoint,0,UNKNOWN,104.1,12006
r1,17,0-1-3-13,K..C..K.,single-B endpoint,0,UNSAT,17.6,1706
r1,17,0-1-3-13,.C..K.K.,single-B endpoint,0,UNKNOWN,103.2,12003
r1,17,0-1-3-13,.C...C..,double-B star,0,UNKNOWN,117.8,12007
r1,17,0-1-3-13,.K.K.K.K,alternating,0,UNSAT,13.3,1715
r1,17,0-1-3-13,.K.K..C.,single-B endpoint,0,UNSAT,18.9,2321
r1,17,0-1-3-13,.K..C..K,single-B endpoint,0,UNSAT,70.2,5574
r1,17,0-1-3-13,..C..K.K,single-B endpoint,0,UNSAT,49.2,4942
r1,17,0-1-3-13,..C...C.,double-B star,0,UNSAT,51.4,5197
r1,17,0-1-3-13,..K.K..C,single-B endpoint,0,UNSAT,64.5,5116
r1,17,0-1-3-13,...C...C,double-B star,0,UNSAT,64.4,5225
r1,18,0-1-3-14,C..K.K..,single-B endpoint,0,UNSAT,63.9,5570
r1,18,0-1-3-14,C...C...,double-B star,0,UNSAT,76.1,9607
r1,18,0-1-3-14,K.K.K.K.,alternating,0,UNSAT,54.7,4992
r1,18,0-1-3-14,K.K..C..,single-B endpoint,0,UNSAT,83.1,10534
r1,18,0-1-3-14,K..C..K.,single-B endpoint,0,UNSAT,49.2,3858
r1,18,0-1-3-14,.C..K.K.,single-B endpoint,0,UNSAT,99.7,11152
r1,18,0-1-3-14,.C...C..,double-B star,0,UNKNOWN,111.8,9000
r1,18,0-1-3-14,.K.K.K.K,alternating,0,UNSAT,15.5,1621
r1,18,0-1-3-14,.K.K..C.,single-B endpoint,0,UNSAT,22.0,2179
r1,18,0-1-3-14,.K..C..K,single-B endpoint,0,UNSAT,63.3,6091
r1,18,0-1-3-14,..C..K.K,single-B endpoint,0,UNSAT,49.6,4795
r1,18,0-1-3-14,..C...C.,double-B star,0,UNSAT,18.8,1579
r1,18,0-1-3-14,..K.K..C,single-B endpoint,0,UNSAT,17.9,2071
r1,18,0-1-3-14,...C...C,double-B star,0,UNSAT,20.6,2318
r1,19,0-1-3-15,C..K.K..,single-B endpoint,0,UNSAT,24.1,2900
r1,19,0-1-3-15,C...C...,double-B star,0,UNSAT,73.9,7939
r1,19,0-1-3-15,K.K.K.K.,alternating,0,UNSAT,26.1,2956
r1,19,0-1-3-15,K.K..C..,single-B endpoint,0,UNSAT,62.2,6073
r1,19,0-1-3-15,K..C..K.,single-B endpoint,0,UNSAT,20.9,2039
r1,19,0-1-3-15,.C..K.K.,single-B endpoint,0,UNSAT,54.6,4692
r1,19,0-1-3-15,.C...C..,double-B star,0,UNKNOWN,120.9,12003
r1,19,0-1-3-15,.K.K.K.K,alternating,0,UNSAT,19.3,1907
r1,19,0-1-3-15,.K.K..C.,single-B endpoint,0,UNSAT,47.5,4441
r1,19,0-1-3-15,.K..C..K,single-B endpoint,0,UNSAT,21.6,2882
r1,19,0-1-3-15,..C..K.K,single-B endpoint,0,UNSAT,20.1,1592
r1,19,0-1-3-15,..C...C.,double-B star,0,UNSAT,18.1,1861
r1,19,0-1-3-15,..K.K..C,single-B endpoint,0,UNSAT,22.6,2157
r1,19,0-1-3-15,...C...C,double-B star,0,UNSAT,18.1,1984
r1,1,0-1-2-4,C..K.K..,single-B endpoint,0,UNSAT,8.2,58
r1,1,0-1-2-4,C...C...,double-B star,0,UNSAT,8.6,58
r1,1,0-1-2-4,K.K.K.K.,alternating,0,UNSAT,8.4,131
r1,1,0-1-2-4,K.K..C..,single-B endpoint,0,UNSAT,6.2,58
r1,1,0-1-2-4,K..C..K.,single-B endpoint,0,UNSAT,7.4,123
r1,1,0-1-2-4,.C..K.K.,single-B endpoint,0,UNSAT,7.7,58
r1,1,0-1-2-4,.C...C..,double-B star,0,UNSAT,6.6,58
r1,1,0-1-2-4,.K.K.K.K,alternating,0,UNSAT,8.5,1216
r1,1,0-1-2-4,.K.K..C.,single-B endpoint,0,UNSAT,6.3,58
r1,1,0-1-2-4,.K..C..K,single-B endpoint,0,UNSAT,8.0,218
r1,1,0-1-2-4,..C..K.K,single-B endpoint,0,UNSAT,7.2,386
r1,1,0-1-2-4,..C...C.,double-B star,0,UNSAT,7.6,58
r1,1,0-1-2-4,..K.K..C,single-B endpoint,0,UNSAT,8.2,293
r1,1,0-1-2-4,...C...C,double-B star,0,UNSAT,10.7,1125
r1,20,0-1-3-16,C..K.K..,single-B endpoint,0,UNSAT,15.3,1265
r1,20,0-1-3-16,C...C...,double-B star,0,UNSAT,67.4,5389
r1,20,0-1-3-16,K.K.K.K.,alternating,0,UNSAT,23.3,2046
r1,20,0-1-3-16,K.K..C..,single-B endpoint,0,UNSAT,48.6,3954
r1,20,0-1-3-16,K..C..K.,single-B endpoint,0,UNSAT,16.2,574
r1,20,0-1-3-16,.C..K.K.,single-B endpoint,0,UNSAT,10.1,742
r1,20,0-1-3-16,.C...C..,double-B star,0,UNSAT,77.3,7115
r1,20,0-1-3-16,.K.K.K.K,alternating,0,UNSAT,53.2,4696
r1,20,0-1-3-16,.K.K..C.,single-B endpoint,0,UNSAT,14.5,543
r1,20,0-1-3-16,.K..C..K,single-B endpoint,0,UNSAT,11.4,643
r1,20,0-1-3-16,..C..K.K,single-B endpoint,0,UNSAT,28.8,3117
r1,20,0-1-3-16,..C...C.,double-B star,0,UNSAT,18.3,1548
r1,20,0-1-3-16,..K.K..C,single-B endpoint,0,UNSAT,16.3,1487
r1,20,0-1-3-16,...C...C,double-B star,0,UNSAT,25.0,2775
r1,21,0-1-4-5,C..K.K..,single-B endpoint,0,UNSAT,15.3,572
r1,21,0-1-4-5,C...C...,double-B star,0,UNSAT,14.7,487
r1,21,0-1-4-5,K.K.K.K.,alternating,0,UNSAT,11.4,1427
r1,21,0-1-4-5,K.K..C..,single-B endpoint,0,UNSAT,17.3,1076
r1,21,0-1-4-5,K..C..K.,single-B endpoint,0,UNSAT,11.3,558
r1,21,0-1-4-5,.C..K.K.,single-B endpoint,0,UNSAT,10.8,400
r1,21,0-1-4-5,.C...C..,double-B star,0,UNKNOWN,119.1,12004
r1,21,0-1-4-5,.K.K.K.K,alternating,0,UNSAT,26.1,2791
r1,21,0-1-4-5,.K.K..C.,single-B endpoint,0,UNSAT,13.3,486
r1,21,0-1-4-5,.K..C..K,single-B endpoint,0,UNSAT,12.0,585
r1,21,0-1-4-5,..C..K.K,single-B endpoint,0,UNSAT,22.4,1623
r1,21,0-1-4-5,..C...C.,double-B star,0,UNKNOWN,109.1,12002
r1,21,0-1-4-5,..K.K..C,single-B endpoint,0,UNSAT,12.3,1235
r1,21,0-1-4-5,...C...C,double-B star,0,UNSAT,18.9,1404
r1,22,0-1-4-6,C..K.K..,single-B endpoint,0,UNSAT,9.4,808
r1,22,0-1-4-6,C...C...,double-B star,0,UNSAT,21.4,1783
r1,22,0-1-4-6,K.K.K.K.,alternating,0,UNSAT,16.3,1721
r1,22,0-1-4-6,K.K..C..,single-B endpoint,0,UNSAT,78.5,7626
r1,22,0-1-4-6,K..C..K.,single-B endpoint,0,UNSAT,12.6,1002
r1,22,0-1-4-6,.C..K.K.,single-B endpoint,0,UNSAT,63.4,5128
r1,22,0-1-4-6,.C...C..,double-B star,0,UNKNOWN,122.7,12001
r1,22,0-1-4-6,.K.K.K.K,alternating,0,UNSAT,21.5,2330
r1,22,0-1-4-6,.K.K..C.,single-B endpoint,0,UNSAT,58.8,6463
r1,22,0-1-4-6,.K..C..K,single-B endpoint,0,UNSAT,15.1,1256
r1,22,0-1-4-6,..C..K.K,single-B endpoint,0,UNSAT,51.9,4818
r1,22,0-1-4-6,..C...C.,double-B star,0,UNKNOWN,123.6,12007
r1,22,0-1-4-6,..K.K..C,single-B endpoint,0,UNSAT,17.7,2066
r1,22,0-1-4-6,...C...C,double-B star,0,UNSAT,19.5,1842
r1,23,0-1-4-7,C..K.K..,single-B endpoint,0,UNSAT,48.3,4259
r1,23,0-1-4-7,C...C...,double-B star,0,UNSAT,25.8,2553
r1,23,0-1-4-7,K.K.K.K.,alternating,0,UNSAT,62.3,5154
r1,23,0-1-4-7,K.K..C..,single-B endpoint,0,UNKNOWN,121.6,12002
r1,23,0-1-4-7,K..C..K.,single-B endpoint,0,UNSAT,21.8,2376
r1,23,0-1-4-7,.C..K.K.,single-B endpoint,0,UNKNOWN,117.6,12002
r1,23,0-1-4-7,.C...C..,double-B star,0,UNKNOWN,103.2,9002
r1,23,0-1-4-7,.K.K.K.K,alternating,0,UNSAT,49.4,4097
r1,23,0-1-4-7,.K.K..C.,single-B endpoint,0,UNSAT,111.0,14808
r1,23,0-1-4-7,.K..C..K,single-B endpoint,0,UNSAT,26.5,2395
r1,23,0-1-4-7,..C..K.K,single-B endpoint,0,UNKNOWN,112.5,12006
r1,23,0-1-4-7,..C...C.,double-B star,0,UNKNOWN,100.3,9001
r1,23,0-1-4-7,..K.K..C,single-B endpoint,0,UNSAT,26.9,2893
r1,23,0-1-4-7,...C...C,double-B star,0,UNSAT,22.1,2437
r1,24,0-1-4-8,C..K.K..,single-B endpoint,0,UNSAT,55.4,6244
r1,24,0-1-4-8,C...C...,double-B star,0,UNSAT,50.3,4197
r1,24,0-1-4-8,K.K.K.K.,alternating,0,UNSAT,60.0,5884
r1,24,0-1-4-8,K.K..C..,single-B endpoint,0,UNKNOWN,107.8,12005
r1,24,0-1-4-8,K..C..K.,single-B endpoint,0,UNSAT,41.6,4708
r1,24,0-1-4-8,.C..K.K.,single-B endpoint,0,UNKNOWN,125.4,15002
r1,24,0-1-4-8,.C...C..,double-B star,0,UNKNOWN,123.7,12001
r1,24,0-1-4-8,.K.K.K.K,alternating,0,UNSAT,103.3,11685
r1,24,0-1-4-8,.K.K..C.,single-B endpoint,0,UNSAT,105.7,13193
r1,24,0-1-4-8,.K..C..K,single-B endpoint,0,UNSAT,54.3,5342
r1,24,0-1-4-8,..C..K.K,single-B endpoint,0,UNKNOWN,102.0,12002
r1,24,0-1-4-8,..C...C.,double-B star,0,UNKNOWN,120.7,12004
r1,24,0-1-4-8,..K.K..C,single-B endpoint,0,UNSAT,44.4,4850
r1,24,0-1-4-8,...C...C,double-B star,0,UNSAT,23.7,3397
r1,25,0-1-4-9,C..K.K..,single-B endpoint,0,UNSAT,66.2,7081
r1,25,0-1-4-9,C...C...,double-B star,0,UNKNOWN,109.0,12002
r1,25,0-1-4-9,K.K.K.K.,alternating,0,UNSAT,59.6,7613
r1,25,0-1-4-9,K.K..C..,single-B endpoint,0,UNKNOWN,121.1,15001
r1,25,0-1-4-9,K..C..K.,single-B endpoint,0,UNSAT,50.5,4824
r1,25,0-1-4-9,.C..K.K.,single-B endpoint,0,UNKNOWN,105.7,12007
r1,25,0-1-4-9,.C...C..,double-B star,0,UNKNOWN,116.5,12004
r1,25,0-1-4-9,.K.K.K.K,alternating,0,UNSAT,111.5,14790
r1,25,0-1-4-9,.K.K..C.,single-B endpoint,0,UNKNOWN,116.1,15003
r1,25,0-1-4-9,.K..C..K,single-B endpoint,0,UNSAT,71.9,8215
r1,25,0-1-4-9,..C..K.K,single-B endpoint,0,UNSAT,85.2,11216
r1,25,0-1-4-9,..C...C.,double-B star,0,UNKNOWN,119.1,15002
r1,25,0-1-4-9,..K.K..C,single-B endpoint,0,UNSAT,57.5,5865
r1,25,0-1-4-9,...C...C,double-B star,0,UNSAT,51.2,5411
r1,26,0-1-4-10,C..K.K..,single-B endpoint,0,UNSAT,78.7,9784
r1,26,0-1-4-10,C...C...,double-B star,0,UNKNOWN,103.6,12003
r1,26,0-1-4-10,K.K.K.K.,alternating,0,UNKNOWN,108.6,12004
r1,26,0-1-4-10,K.K..C..,single-B endpoint,0,UNKNOWN,102.3,12004
r1,26,0-1-4-10,K..C..K.,single-B endpoint,0,UNSAT,58.7,5470
r1,26,0-1-4-10,.C..K.K.,single-B endpoint,0,UNKNOWN,108.6,12004
r1,26,0-1-4-10,.C...C..,double-B star,0,UNKNOWN,141.4,15001
r1,26,0-1-4-10,.K.K.K.K,alternating,0,UNKNOWN,113.3,15002
r1,26,0-1-4-10,.K.K..C.,single-B endpoint,0,UNSAT,92.9,12754
r1,26,0-1-4-10,.K..C..K,single-B endpoint,0,UNSAT,111.5,13912
r1,26,0-1-4-10,..C..K.K,single-B endpoint,0,UNSAT,74.5,10069
r1,26,0-1-4-10,..C...C.,double-B star,0,UNKNOWN,126.2,15003
r1,26,0-1-4-10,..K.K..C,single-B endpoint,0,UNSAT,53.4,5334
r1,26,0-1-4-10,...C...C,double-B star,0,UNSAT,64.0,7904
r1,27,0-1-4-11,C..K.K..,single-B endpoint,0,UNSAT,72.0,9514
r1,27,0-1-4-11,C...C...,double-B star,0,UNKNOWN,106.6,12001
r1,27,0-1-4-11,K.K.K.K.,alternating,0,UNKNOWN,130.2,15002
r1,27,0-1-4-11,K.K..C..,single-B endpoint,0,UNKNOWN,136.4,15005
r1,27,0-1-4-11,K..C..K.,single-B endpoint,0,UNSAT,45.3,3864
r1,27,0-1-4-11,.C..K.K.,single-B endpoint,0,UNKNOWN,119.6,15004
r1,27,0-1-4-11,.C...C..,double-B star,0,UNKNOWN,110.4,12002
r1,27,0-1-4-11,.K.K.K.K,alternating,0,UNSAT,107.9,13276
r1,27,0-1-4-11,.K.K..C.,single-B endpoint,0,UNSAT,75.0,9599
r1,27,0-1-4-11,.K..C..K,single-B endpoint,0,UNSAT,91.3,12722
r1,27,0-1-4-11,..C..K.K,single-B endpoint,0,UNSAT,74.4,9764
r1,27,0-1-4-11,..C...C.,double-B star,0,UNSAT,75.6,9834
r1,27,0-1-4-11,..K.K..C,single-B endpoint,0,UNSAT,24.3,3442
r1,27,0-1-4-11,...C...C,double-B star,0,UNSAT,40.5,4577
r1,28,0-1-4-12,C..K.K..,single-B endpoint,0,UNSAT,89.4,12684
r1,28,0-1-4-12,C...C...,double-B star,0,UNKNOWN,101.5,12002
r1,28,0-1-4-12,K.K.K.K.,alternating,0,UNKNOWN,103.5,12002
r1,28,0-1-4-12,K.K..C..,single-B endpoint,0,UNKNOWN,103.4,12003
r1,28,0-1-4-12,K..C..K.,single-B endpoint,0,UNSAT,62.4,6918
r1,28,0-1-4-12,.C..K.K.,single-B endpoint,0,UNKNOWN,118.2,15003
r1,28,0-1-4-12,.C...C..,double-B star,0,UNKNOWN,106.4,12003
r1,28,0-1-4-12,.K.K.K.K,alternating,0,UNSAT,97.4,14131
r1,28,0-1-4-12,.K.K..C.,single-B endpoint,0,UNSAT,56.0,8306
r1,28,0-1-4-12,.K..C..K,single-B endpoint,0,UNKNOWN,106.6,15005
r1,28,0-1-4-12,..C..K.K,single-B endpoint,0,UNSAT,58.8,6454
r1,28,0-1-4-12,..C...C.,double-B star,0,UNSAT,78.2,11559
r1,28,0-1-4-12,..K.K..C,single-B endpoint,0,UNSAT,45.6,4525
r1,28,0-1-4-12,...C...C,double-B star,0,UNSAT,45.7,4696
r1,29,0-1-4-13,C..K.K..,single-B endpoint,0,UNKNOWN,124.3,15012
r1,29,0-1-4-13,C...C...,double-B star,0,UNKNOWN,104.9,12003
r1,29,0-1-4-13,K.K.K.K.,alternating,0,UNSAT,65.9,8699
r1,29,0-1-4-13,K.K..C..,single-B endpoint,0,UNKNOWN,120.5,15004
r1,29,0-1-4-13,K..C..K.,single-B endpoint,0,UNSAT,51.3,5804
r1,29,0-1-4-13,.C..K.K.,single-B endpoint,0,UNKNOWN,128.3,15009
r1,29,0-1-4-13,.C...C..,double-B star,0,UNKNOWN,133.2,15005
r1,29,0-1-4-13,.K.K.K.K,alternating,0,UNSAT,62.5,10596
r1,29,0-1-4-13,.K.K..C.,single-B endpoint,0,UNSAT,65.2,9291
r1,29,0-1-4-13,.K..C..K,single-B endpoint,0,UNKNOWN,110.3,15004
r1,29,0-1-4-13,..C..K.K,single-B endpoint,0,UNSAT,56.5,6129
r1,29,0-1-4-13,..C...C.,double-B star,0,UNSAT,64.0,8412
r1,29,0-1-4-13,..K.K..C,single-B endpoint,0,UNSAT,51.7,5912
r1,29,0-1-4-13,...C...C,double-B star,0,UNSAT,41.9,4669
r1,2,0-1-2-5,C..K.K..,single-B endpoint,0,UNSAT,6.7,287
r1,2,0-1-2-5,C...C...,double-B star,0,UNSAT,8.7,363
r1,2,0-1-2-5,K.K.K.K.,alternating,0,UNSAT,9.3,672
r1,2,0-1-2-5,K.K..C..,single-B endpoint,0,UNSAT,12.9,1228
r1,2,0-1-2-5,K..C..K.,single-B endpoint,0,UNSAT,8.9,429
r1,2,0-1-2-5,.C..K.K.,single-B endpoint,0,UNSAT,9.2,457
r1,2,0-1-2-5,.C...C..,double-B star,0,UNKNOWN,141.8,15004
r1,2,0-1-2-5,.K.K.K.K,alternating,0,UNSAT,7.7,581
r1,2,0-1-2-5,.K.K..C.,single-B endpoint,0,UNSAT,9.7,1362
r1,2,0-1-2-5,.K..C..K,single-B endpoint,0,UNSAT,8.9,500
r1,2,0-1-2-5,..C..K.K,single-B endpoint,0,UNSAT,13.7,2420
r1,2,0-1-2-5,..C...C.,double-B star,0,UNSAT,40.9,5503
r1,2,0-1-2-5,..K.K..C,single-B endpoint,0,UNSAT,8.3,679
r1,2,0-1-2-5,...C...C,double-B star,0,UNSAT,12.9,1468
r1,30,0-1-4-14,C..K.K..,single-B endpoint,0,UNSAT,95.6,14484
r1,30,0-1-4-14,C...C...,double-B star,0,UNKNOWN,114.7,12005
r1,30,0-1-4-14,K.K.K.K.,alternating,0,UNSAT,48.7,7034
r1,30,0-1-4-14,K.K..C..,single-B endpoint,0,UNKNOWN,119.3,18009
r1,30,0-1-4-14,K..C..K.,single-B endpoint,0,UNSAT,55.0,7026
r1,30,0-1-4-14,.C..K.K.,single-B endpoint,0,UNKNOWN,122.7,15005
r1,30,0-1-4-14,.C...C..,double-B star,0,UNKNOWN,103.7,12006
r1,30,0-1-4-14,.K.K.K.K,alternating,0,UNSAT,76.3,11503
r1,30,0-1-4-14,.K.K..C.,single-B endpoint,0,UNSAT,21.0,3447
r1,30,0-1-4-14,.K..C..K,single-B endpoint,0,UNSAT,107.3,13426
r1,30,0-1-4-14,..C..K.K,single-B endpoint,0,UNSAT,46.7,4761
r1,30,0-1-4-14,..C...C.,double-B star,0,UNSAT,54.7,5502
r1,30,0-1-4-14,..K.K..C,single-B endpoint,0,UNSAT,43.6,4706
r1,30,0-1-4-14,...C...C,double-B star,0,UNSAT,19.9,2857
r1,31,0-1-4-15,C..K.K..,single-B endpoint,0,UNSAT,68.9,8638
r1,31,0-1-4-15,C...C...,double-B star,0,UNKNOWN,105.0,12004
r1,31,0-1-4-15,K.K.K.K.,alternating,0,UNSAT,45.1,5037
r1,31,0-1-4-15,K.K..C..,single-B endpoint,0,UNSAT,119.5,14206
r1,31,0-1-4-15,K..C..K.,single-B endpoint,0,UNSAT,21.6,2862
r1,31,0-1-4-15,.C..K.K.,single-B endpoint,0,UNSAT,90.3,12679
r1,31,0-1-4-15,.C...C..,double-B star,0,UNKNOWN,133.3,15002
r1,31,0-1-4-15,.K.K.K.K,alternating,0,UNSAT,50.0,5052
r1,31,0-1-4-15,.K.K..C.,single-B endpoint,0,UNSAT,18.6,2340
r1,31,0-1-4-15,.K..C..K,single-B endpoint,0,UNSAT,81.1,11609
r1,31,0-1-4-15,..C..K.K,single-B endpoint,0,UNSAT,47.8,4549
r1,31,0-1-4-15,..C...C.,double-B star,0,UNSAT,20.3,2703
r1,31,0-1-4-15,..K.K..C,single-B endpoint,0,UNSAT,43.5,4248
r1,31,0-1-4-15,...C...C,double-B star,0,UNSAT,44.5,5102
r1,32,0-1-5-6,C..K.K..,single-B endpoint,0,UNSAT,10.5,1375
r1,32,0-1-5-6,C...C...,double-B star,0,UNSAT,15.7,1783
r1,32,0-1-5-6,K.K.K.K.,alternating,0,UNSAT,10.1,1460
r1,32,0-1-5-6,K.K..C..,single-B endpoint,0,UNSAT,53.2,5282
r1,32,0-1-5-6,K..C..K.,single-B endpoint,0,UNSAT,12.8,881
r1,32,0-1-5-6,.C..K.K.,single-B endpoint,0,UNSAT,43.7,4345
r1,32,0-1-5-6,.C...C..,double-B star,0,UNKNOWN,100.9,12003
r1,32,0-1-5-6,.K.K.K.K,alternating,0,UNSAT,20.4,2444
r1,32,0-1-5-6,.K.K..C.,single-B endpoint,0,UNSAT,57.3,7692
r1,32,0-1-5-6,.K..C..K,single-B endpoint,0,UNSAT,12.3,914
r1,32,0-1-5-6,..C..K.K,single-B endpoint,0,UNSAT,71.3,9905
r1,32,0-1-5-6,..C...C.,double-B star,0,UNKNOWN,125.2,15002
r1,32,0-1-5-6,..K.K..C,single-B endpoint,0,UNSAT,25.8,2956
r1,32,0-1-5-6,...C...C,double-B star,0,UNSAT,13.9,1610
r1,33,0-1-5-7,C..K.K..,single-B endpoint,0,UNSAT,18.3,3450
r1,33,0-1-5-7,C...C...,double-B star,0,UNSAT,18.9,2476
r1,33,0-1-5-7,K.K.K.K.,alternating,0,UNSAT,49.6,4929
r1,33,0-1-5-7,K.K..C..,single-B endpoint,0,UNKNOWN,100.8,12007
r1,33,0-1-5-7,K..C..K.,single-B endpoint,0,UNSAT,20.1,3031
r1,33,0-1-5-7,.C..K.K.,single-B endpoint,0,UNSAT,99.1,13138
r1,33,0-1-5-7,.C...C..,double-B star,0,UNKNOWN,101.3,12003
r1,33,0-1-5-7,.K.K.K.K,alternating,0,UNSAT,49.3,5093
r1,33,0-1-5-7,.K.K..C.,single-B endpoint,0,UNKNOWN,107.2,15003
r1,33,0-1-5-7,.K..C..K,single-B endpoint,0,UNSAT,33.8,3559
r1,33,0-1-5-7,..C..K.K,single-B endpoint,0,UNKNOWN,114.0,15002
r1,33,0-1-5-7,..C...C.,double-B star,0,UNKNOWN,109.3,15008
r1,33,0-1-5-7,..K.K..C,single-B endpoint,0,UNSAT,37.7,3655
r1,33,0-1-5-7,...C...C,double-B star,0,UNSAT,16.8,2921
r1,34,0-1-5-8,C..K.K..,single-B endpoint,0,UNSAT,43.0,5571
r1,34,0-1-5-8,C...C...,double-B star,0,UNSAT,38.4,4434
r1,34,0-1-5-8,K.K.K.K.,alternating,0,UNSAT,58.3,8354
r1,34,0-1-5-8,K.K..C..,single-B endpoint,0,UNKNOWN,120.9,15011
r1,34,0-1-5-8,K..C..K.,single-B endpoint,0,UNSAT,40.4,5271
r1,34,0-1-5-8,.C..K.K.,single-B endpoint,0,UNKNOWN,111.2,15006
r1,34,0-1-5-8,.C...C..,double-B star,0,UNKNOWN,110.9,12003
r1,34,0-1-5-8,.K.K.K.K,alternating,0,UNSAT,96.0,16717
r1,34,0-1-5-8,.K.K..C.,single-B endpoint,0,UNKNOWN,116.7,15007
r1,34,0-1-5-8,.K..C..K,single-B endpoint,0,UNSAT,60.5,7080
r1,34,0-1-5-8,..C..K.K,single-B endpoint,0,UNKNOWN,100.8,15013
r1,34,0-1-5-8,..C...C.,double-B star,0,UNKNOWN,109.7,15003
r1,34,0-1-5-8,..K.K..C,single-B endpoint,0,UNSAT,53.4,6211
r1,34,0-1-5-8,...C...C,double-B star,0,UNSAT,48.4,5253
r1,35,0-1-5-9,C..K.K..,single-B endpoint,0,UNSAT,78.2,10377
r1,35,0-1-5-9,C...C...,double-B star,0,UNKNOWN,109.9,15006
r1,35,0-1-5-9,K.K.K.K.,alternating,0,UNSAT,75.4,11113
r1,35,0-1-5-9,K.K..C..,single-B endpoint,0,UNKNOWN,116.4,15004
r1,35,0-1-5-9,K..C..K.,single-B endpoint,0,UNSAT,48.8,5916
r1,35,0-1-5-9,.C..K.K.,single-B endpoint,0,UNKNOWN,117.7,15002
r1,35,0-1-5-9,.C...C..,double-B star,0,UNKNOWN,108.2,12002
r1,35,0-1-5-9,.K.K.K.K,alternating,0,UNKNOWN,100.3,15013
r1,35,0-1-5-9,.K.K..C.,single-B endpoint,0,UNKNOWN,101.7,15006
r1,35,0-1-5-9,.K..C..K,single-B endpoint,0,UNSAT,70.7,11240
r1,35,0-1-5-9,..C..K.K,single-B endpoint,0,UNKNOWN,111.9,15005
r1,35,0-1-5-9,..C...C.,double-B star,0,UNKNOWN,115.8,15008
r1,35,0-1-5-9,..K.K..C,single-B endpoint,0,UNSAT,54.0,6163
r1,35,0-1-5-9,...C...C,double-B star,0,UNSAT,51.4,5830
r1,36,0-1-5-10,C..K.K..,single-B endpoint,0,UNKNOWN,112.8,15002
r1,36,0-1-5-10,C...C...,double-B star,0,UNKNOWN,120.5,15000
r1,36,0-1-5-10,K.K.K.K.,alternating,0,UNSAT,81.1,12738
r1,36,0-1-5-10,K.K..C..,single-B endpoint,0,UNKNOWN,129.1,15008
r1,36,0-1-5-10,K..C..K.,single-B endpoint,0,UNSAT,46.0,5878
r1,36,0-1-5-10,.C..K.K.,single-B endpoint,0,UNKNOWN,100.7,12004
r1,36,0-1-5-10,.C...C..,double-B star,0,UNKNOWN,109.5,12003
r1,36,0-1-5-10,.K.K.K.K,alternating,0,UNKNOWN,106.7,15004
r1,36,0-1-5-10,.K.K..C.,single-B endpoint,0,UNSAT,94.1,13897
r1,36,0-1-5-10,.K..C..K,single-B endpoint,0,UNKNOWN,125.7,15002
r1,36,0-1-5-10,..C..K.K,single-B endpoint,0,UNKNOWN,105.8,15004
r1,36,0-1-5-10,..C...C.,double-B star,0,UNKNOWN,130.9,15005
r1,36,0-1-5-10,..K.K..C,single-B endpoint,0,UNSAT,65.4,8289
r1,36,0-1-5-10,...C...C,double-B star,0,UNSAT,61.0,8598
r1,37,0-1-5-11,C..K.K..,single-B endpoint,0,UNKNOWN,128.4,15004
r1,37,0-1-5-11,C...C...,double-B star,0,UNKNOWN,110.8,12002
r1,37,0-1-5-11,K.K.K.K.,alternating,0,UNKNOWN,106.4,12001
r1,37,0-1-5-11,K.K..C..,single-B endpoint,0,UNKNOWN,131.9,15005
r1,37,0-1-5-11,K..C..K.,single-B endpoint,0,UNSAT,60.7,8748
r1,37,0-1-5-11,.C..K.K.,single-B endpoint,0,UNKNOWN,133.9,15003
r1,37,0-1-5-11,.C...C..,double-B star,0,UNKNOWN,109.8,12005
r1,37,0-1-5-11,.K.K.K.K,alternating,0,UNKNOWN,116.7,15002
r1,37,0-1-5-11,.K.K..C.,single-B endpoint,0,UNKNOWN,108.5,15009
r1,37,0-1-5-11,.K..C..K,single-B endpoint,0,UNKNOWN,123.3,15009
r1,37,0-1-5-11,..C..K.K,single-B endpoint,0,UNSAT,90.4,13293
r1,37,0-1-5-11,..C...C.,double-B star,0,UNSAT,90.7,12894
r1,37,0-1-5-11,..K.K..C,single-B endpoint,0,UNSAT,65.1,6767
r1,37,0-1-5-11,...C...C,double-B star,0,UNSAT,61.8,9272
r1,38,0-1-5-12,C..K.K..,single-B endpoint,0,UNKNOWN,104.1,12001
r1,38,0-1-5-12,C...C...,double-B star,0,UNKNOWN,116.2,12009
r1,38,0-1-5-12,K.K.K.K.,alternating,0,UNKNOWN,112.1,12004
r1,38,0-1-5-12,K.K..C..,single-B endpoint,0,UNKNOWN,118.1,15004
r1,38,0-1-5-12,K..C..K.,single-B endpoint,0,UNSAT,76.3,9684
r1,38,0-1-5-12,.C..K.K.,single-B endpoint,0,UNKNOWN,101.3,12001
r1,38,0-1-5-12,.C...C..,double-B star,0,UNKNOWN,118.6,12004
r1,38,0-1-5-12,.K.K.K.K,alternating,0,UNKNOWN,114.6,15004
r1,38,0-1-5-12,.K.K..C.,single-B endpoint,0,UNSAT,67.8,8685
r1,38,0-1-5-12,.K..C..K,single-B endpoint,0,UNKNOWN,129.6,15005
r1,38,0-1-5-12,..C..K.K,single-B endpoint,0,UNSAT,87.1,14515
r1,38,0-1-5-12,..C...C.,double-B star,0,UNSAT,94.3,13726
r1,38,0-1-5-12,..K.K..C,single-B endpoint,0,UNSAT,56.3,6771
r1,38,0-1-5-12,...C...C,double-B star,0,UNSAT,67.5,10888
r1,39,0-1-5-13,C..K.K..,single-B endpoint,0,UNKNOWN,121.0,15002
r1,39,0-1-5-13,C...C...,double-B star,0,UNKNOWN,109.3,12008
r1,39,0-1-5-13,K.K.K.K.,alternating,0,UNKNOWN,120.0,15006
r1,39,0-1-5-13,K.K..C..,single-B endpoint,0,UNKNOWN,115.6,15000
r1,39,0-1-5-13,K..C..K.,single-B endpoint,0,UNSAT,56.4,9323
r1,39,0-1-5-13,.C..K.K.,single-B endpoint,0,UNKNOWN,123.9,15002
r1,39,0-1-5-13,.C...C..,double-B star,0,UNKNOWN,113.9,12004
r1,39,0-1-5-13,.K.K.K.K,alternating,0,UNKNOWN,114.5,15004
r1,39,0-1-5-13,.K.K..C.,single-B endpoint,0,UNSAT,67.8,9712
r1,39,0-1-5-13,.K..C..K,single-B endpoint,0,UNKNOWN,125.1,15005
r1,39,0-1-5-13,..C..K.K,single-B endpoint,0,UNSAT,51.5,7906
r1,39,0-1-5-13,..C...C.,double-B star,0,UNSAT,72.7,11051
r1,39,0-1-5-13,..K.K..C,single-B endpoint,0,UNKNOWN,116.7,15002
r1,39,0-1-5-13,...C...C,double-B star,0,UNSAT,57.5,10484
r1,3,0-1-2-6,C..K.K..,single-B endpoint,0,UNSAT,6.9,492
r1,3,0-1-2-6,C...C...,double-B star,0,UNSAT,7.5,759
r1,3,0-1-2-6,K.K.K.K.,alternating,0,UNSAT,12.2,1538
r1,3,0-1-2-6,K.K..C..,single-B endpoint,0,UNSAT,13.8,1634
r1,3,0-1-2-6,K..C..K.,single-B endpoint,0,UNSAT,11.1,1208
r1,3,0-1-2-6,.C..K.K.,single-B endpoint,0,UNSAT,12.4,1698
r1,3,0-1-2-6,.C...C..,double-B star,0,UNKNOWN,101.3,12000
r1,3,0-1-2-6,.K.K.K.K,alternating,0,UNSAT,11.7,1403
r1,3,0-1-2-6,.K.K..C.,single-B endpoint,0,UNSAT,13.2,1977
r1,3,0-1-2-6,.K..C..K,single-B endpoint,0,UNSAT,11.7,1005
r1,3,0-1-2-6,..C..K.K,single-B endpoint,0,UNSAT,31.4,3988
r1,3,0-1-2-6,..C...C.,double-B star,0,UNSAT,35.6,4852
r1,3,0-1-2-6,..K.K..C,single-B endpoint,0,UNSAT,9.3,926
r1,3,0-1-2-6,...C...C,double-B star,0,UNSAT,15.1,1791
r1,40,0-1-5-14,C..K.K..,single-B endpoint,0,UNKNOWN,120.0,15000
r1,40,0-1-5-14,C...C...,double-B star,0,UNKNOWN,115.1,12003
r1,40,0-1-5-14,K.K.K.K.,alternating,0,UNSAT,71.9,10651
r1,40,0-1-5-14,K.K..C..,single-B endpoint,0,UNKNOWN,120.9,15002
r1,40,0-1-5-14,K..C..K.,single-B endpoint,0,UNSAT,43.9,6553
r1,40,0-1-5-14,.C..K.K.,single-B endpoint,0,UNKNOWN,133.3,15003
r1,40,0-1-5-14,.C...C..,double-B star,0,UNKNOWN,108.8,12002
r1,40,0-1-5-14,.K.K.K.K,alternating,0,UNSAT,112.8,14476
r1,40,0-1-5-14,.K.K..C.,single-B endpoint,0,UNSAT,54.0,5641
r1,40,0-1-5-14,.K..C..K,single-B endpoint,0,UNKNOWN,127.3,15006
r1,40,0-1-5-14,..C..K.K,single-B endpoint,0,UNSAT,47.8,5959
r1,40,0-1-5-14,..C...C.,double-B star,0,UNSAT,43.6,6545
r1,40,0-1-5-14,..K.K..C,single-B endpoint,0,UNSAT,60.8,7257
r1,40,0-1-5-14,...C...C,double-B star,0,UNSAT,53.1,7520
r1,41,0-1-6-7,C..K.K..,single-B endpoint,0,UNSAT,14.4,2365
r1,41,0-1-6-7,C...C...,double-B star,0,UNSAT,20.7,2662
r1,41,0-1-6-7,K.K.K.K.,alternating,0,UNSAT,59.6,7820
r1,41,0-1-6-7,K.K..C..,single-B endpoint,0,UNKNOWN,108.7,15003
r1,41,0-1-6-7,K..C..K.,single-B endpoint,0,UNSAT,19.2,2501
r1,41,0-1-6-7,.C..K.K.,single-B endpoint,0,UNKNOWN,121.5,15002
r1,41,0-1-6-7,.C...C..,double-B star,0,UNKNOWN,130.0,15004
r1,41,0-1-6-7,.K.K.K.K,alternating,0,UNSAT,41.0,4953
r1,41,0-1-6-7,.K.K..C.,single-B endpoint,0,UNKNOWN,112.6,15002
r1,41,0-1-6-7,.K..C..K,single-B endpoint,0,UNSAT,23.5,3304
r1,41,0-1-6-7,..C..K.K,single-B endpoint,0,UNKNOWN,108.1,12003
r1,41,0-1-6-7,..C...C.,double-B star,0,UNKNOWN,125.1,15002
r1,41,0-1-6-7,..K.K..C,single-B endpoint,0,UNSAT,18.2,2547
r1,41,0-1-6-7,...C...C,double-B star,0,UNSAT,38.7,4012
r1,42,0-1-6-8,C..K.K..,single-B endpoint,0,UNSAT,68.3,7728
r1,42,0-1-6-8,C...C...,double-B star,0,UNSAT,37.9,4624
r1,42,0-1-6-8,K.K.K.K.,alternating,0,UNSAT,78.0,10301
r1,42,0-1-6-8,K.K..C..,single-B endpoint,0,UNKNOWN,108.9,15005
r1,42,0-1-6-8,K..C..K.,single-B endpoint,0,UNSAT,41.4,5833
r1,42,0-1-6-8,.C..K.K.,single-B endpoint,0,UNKNOWN,122.4,15005
r1,42,0-1-6-8,.C...C..,double-B star,0,UNKNOWN,115.7,15008
r1,42,0-1-6-8,.K.K.K.K,alternating,0,UNKNOWN,112.6,15008
r1,42,0-1-6-8,.K.K..C.,single-B endpoint,0,UNKNOWN,119.1,15005
r1,42,0-1-6-8,.K..C..K,single-B endpoint,0,UNSAT,55.8,5744
r1,42,0-1-6-8,..C..K.K,single-B endpoint,0,UNKNOWN,100.9,12001
r1,42,0-1-6-8,..C...C.,double-B star,0,UNKNOWN,112.2,15003
r1,42,0-1-6-8,..K.K..C,single-B endpoint,0,UNSAT,60.4,7509
r1,42,0-1-6-8,...C...C,double-B star,0,UNSAT,50.4,5803
r1,43,0-1-6-9,C..K.K..,single-B endpoint,0,UNSAT,83.5,10827
r1,43,0-1-6-9,C...C...,double-B star,0,UNKNOWN,102.9,12002
r1,43,0-1-6-9,K.K.K.K.,alternating,0,UNSAT,90.0,12169
r1,43,0-1-6-9,K.K..C..,single-B endpoint,0,UNKNOWN,108.0,12002
r1,43,0-1-6-9,K..C..K.,single-B endpoint,0,UNSAT,48.3,8140
r1,43,0-1-6-9,.C..K.K.,single-B endpoint,0,UNKNOWN,124.9,15004
r1,43,0-1-6-9,.C...C..,double-B star,0,UNKNOWN,132.0,15006
r1,43,0-1-6-9,.K.K.K.K,alternating,0,UNKNOWN,119.4,15005
r1,43,0-1-6-9,.K.K..C.,single-B endpoint,0,UNKNOWN,127.4,15003
r1,43,0-1-6-9,.K..C..K,single-B endpoint,0,UNSAT,98.0,14784
r1,43,0-1-6-9,..C..K.K,single-B endpoint,0,UNKNOWN,110.8,15051
r1,43,0-1-6-9,..C...C.,double-B star,0,UNKNOWN,118.0,15003
r1,43,0-1-6-9,..K.K..C,single-B endpoint,0,UNSAT,61.3,8583
r1,43,0-1-6-9,...C...C,double-B star,0,UNSAT,62.1,8268
r1,44,0-1-6-10,C..K.K..,single-B endpoint,0,UNKNOWN,104.3,15004
r1,44,0-1-6-10,C...C...,double-B star,0,UNKNOWN,115.3,15008
r1,44,0-1-6-10,K.K.K.K.,alternating,0,UNSAT,91.3,13636
r1,44,0-1-6-10,K.K..C..,single-B endpoint,0,UNKNOWN,117.4,15004
r1,44,0-1-6-10,K..C..K.,single-B endpoint,0,UNSAT,64.3,11045
r1,44,0-1-6-10,.C..K.K.,single-B endpoint,0,UNKNOWN,103.9,12003
r1,44,0-1-6-10,.C...C..,double-B star,0,UNKNOWN,108.3,12003
r1,44,0-1-6-10,.K.K.K.K,alternating,0,UNKNOWN,103.5,12003
r1,44,0-1-6-10,.K.K..C.,single-B endpoint,0,UNKNOWN,123.1,15010
r1,44,0-1-6-10,.K..C..K,single-B endpoint,0,UNKNOWN,111.8,15006
r1,44,0-1-6-10,..C..K.K,single-B endpoint,0,UNKNOWN,114.2,15012
r1,44,0-1-6-10,..C...C.,double-B star,0,UNKNOWN,113.5,15005
r1,44,0-1-6-10,..K.K..C,single-B endpoint,0,UNSAT,62.1,10448
r1,44,0-1-6-10,...C...C,double-B star,0,UNSAT,64.9,10714
r1,45,0-1-6-11,C..K.K..,single-B endpoint,0,UNKNOWN,102.8,12003
r1,45,0-1-6-11,C...C...,double-B star,0,UNKNOWN,105.1,12002
r1,45,0-1-6-11,K.K.K.K.,alternating,0,UNKNOWN,110.8,15004
r1,45,0-1-6-11,K.K..C..,single-B endpoint,0,UNKNOWN,117.3,15007
r1,45,0-1-6-11,K..C..K.,single-B endpoint,0,UNSAT,67.7,10229
r1,45,0-1-6-11,.C..K.K.,single-B endpoint,0,UNKNOWN,106.7,12002
r1,45,0-1-6-11,.C...C..,double-B star,0,UNKNOWN,137.9,15004
r1,45,0-1-6-11,.K.K.K.K,alternating,0,UNKNOWN,103.3,12008
r1,45,0-1-6-11,.K.K..C.,single-B endpoint,0,UNSAT,91.1,12645
r1,45,0-1-6-11,.K..C..K,single-B endpoint,0,UNKNOWN,101.6,12002
r1,45,0-1-6-11,..C..K.K,single-B endpoint,0,UNKNOWN,101.4,15003
r1,45,0-1-6-11,..C...C.,double-B star,0,UNKNOWN,114.1,18005
r1,45,0-1-6-11,..K.K..C,single-B endpoint,0,UNSAT,95.1,15573
r1,45,0-1-6-11,...C...C,double-B star,0,UNSAT,103.1,15812
r1,46,0-1-6-12,C..K.K..,single-B endpoint,0,UNKNOWN,119.0,15003
r1,46,0-1-6-12,C...C...,double-B star,0,UNKNOWN,119.8,15005
r1,46,0-1-6-12,K.K.K.K.,alternating,0,UNKNOWN,118.6,15004
r1,46,0-1-6-12,K.K..C..,single-B endpoint,0,UNKNOWN,104.0,15002
r1,46,0-1-6-12,K..C..K.,single-B endpoint,0,UNSAT,75.6,13386
r1,46,0-1-6-12,.C..K.K.,single-B endpoint,0,UNKNOWN,119.4,15003
r1,46,0-1-6-12,.C...C..,double-B star,0,UNKNOWN,121.6,15006
r1,46,0-1-6-12,.K.K.K.K,alternating,0,UNKNOWN,130.1,15003
r1,46,0-1-6-12,.K.K..C.,single-B endpoint,0,UNKNOWN,114.4,15003
r1,46,0-1-6-12,.K..C..K,single-B endpoint,0,UNKNOWN,118.1,15004
r1,46,0-1-6-12,..C..K.K,single-B endpoint,0,UNKNOWN,111.1,15002
r1,46,0-1-6-12,..C...C.,double-B star,0,UNSAT,93.1,11465
r1,46,0-1-6-12,..K.K..C,single-B endpoint,0,UNSAT,62.2,9613
r1,46,0-1-6-12,...C...C,double-B star,0,UNSAT,96.1,15547
r1,47,0-1-6-13,C..K.K..,single-B endpoint,0,UNKNOWN,104.6,12001
r1,47,0-1-6-13,C...C...,double-B star,0,UNKNOWN,115.8,12002
r1,47,0-1-6-13,K.K.K.K.,alternating,0,UNKNOWN,104.9,12005
r1,47,0-1-6-13,K.K..C..,single-B endpoint,0,UNKNOWN,112.5,15005
r1,47,0-1-6-13,K..C..K.,single-B endpoint,0,UNSAT,63.3,9081
r1,47,0-1-6-13,.C..K.K.,single-B endpoint,0,UNKNOWN,130.9,15006
r1,47,0-1-6-13,.C...C..,double-B star,0,UNKNOWN,118.6,12003
r1,47,0-1-6-13,.K.K.K.K,alternating,0,UNKNOWN,108.4,15005
r1,47,0-1-6-13,.K.K..C.,single-B endpoint,0,UNSAT,60.2,7382
r1,47,0-1-6-13,.K..C..K,single-B endpoint,0,UNKNOWN,116.5,15003
r1,47,0-1-6-13,..C..K.K,single-B endpoint,0,UNSAT,64.1,11196
r1,47,0-1-6-13,..C...C.,double-B star,0,UNSAT,75.2,11425
r1,47,0-1-6-13,..K.K..C,single-B endpoint,0,UNSAT,73.8,11130
r1,47,0-1-6-13,...C...C,double-B star,0,UNKNOWN,101.8,15004
r1,48,0-1-7-8,C..K.K..,single-B endpoint,0,UNSAT,39.1,4803
r1,48,0-1-7-8,C...C...,double-B star,0,UNSAT,43.5,4296
r1,48,0-1-7-8,K.K.K.K.,alternating,0,UNSAT,44.3,6628
r1,48,0-1-7-8,K.K..C..,single-B endpoint,0,UNKNOWN,109.9,15007
r1,48,0-1-7-8,K..C..K.,single-B endpoint,0,UNSAT,55.9,6233
r1,48,0-1-7-8,.C..K.K.,single-B endpoint,0,UNKNOWN,108.1,15004
r1,48,0-1-7-8,.C...C..,double-B star,0,UNKNOWN,113.3,15003
r1,48,0-1-7-8,.K.K.K.K,alternating,0,UNKNOWN,105.1,12004
r1,48,0-1-7-8,.K.K..C.,single-B endpoint,0,UNKNOWN,128.9,15003
r1,48,0-1-7-8,.K..C..K,single-B endpoint,0,UNSAT,57.2,5735
r1,48,0-1-7-8,..C..K.K,single-B endpoint,0,UNKNOWN,113.1,15001
r1,48,0-1-7-8,..C...C.,double-B star,0,UNKNOWN,103.3,15006
r1,48,0-1-7-8,..K.K..C,single-B endpoint,0,UNSAT,50.7,5713
r1,48,0-1-7-8,...C...C,double-B star,0,UNSAT,42.7,5926
r1,49,0-1-7-9,C..K.K..,single-B endpoint,0,UNSAT,67.9,10402
r1,49,0-1-7-9,C...C...,double-B star,0,UNSAT,57.6,7835
r1,49,0-1-7-9,K.K.K.K.,alternating,0,UNKNOWN,127.1,15002
r1,49,0-1-7-9,K.K..C..,single-B endpoint,0,UNKNOWN,126.6,15007
r1,49,0-1-7-9,K..C..K.,single-B endpoint,0,UNSAT,59.4,7374
r1,49,0-1-7-9,.C..K.K.,single-B endpoint,0,UNKNOWN,107.8,15000
r1,49,0-1-7-9,.C...C..,double-B star,0,UNKNOWN,102.8,12005
r1,49,0-1-7-9,.K.K.K.K,alternating,0,UNKNOWN,117.3,15005
r1,49,0-1-7-9,.K.K..C.,single-B endpoint,0,UNKNOWN,104.2,15001
r1,49,0-1-7-9,.K..C..K,single-B endpoint,0,UNSAT,56.8,10240
r1,49,0-1-7-9,..C..K.K,single-B endpoint,0,UNKNOWN,115.6,15005
r1,49,0-1-7-9,..C...C.,double-B star,0,UNKNOWN,124.7,15002
r1,49,0-1-7-9,..K.K..C,single-B endpoint,0,UNSAT,70.0,8646
r1,49,0-1-7-9,...C...C,double-B star,0,UNSAT,52.5,8889
r1,4,0-1-2-7,C..K.K..,single-B endpoint,0,UNSAT,9.2,347
r1,4,0-1-2-7,C...C...,double-B star,0,UNSAT,15.6,1801
r1,4,0-1-2-7,K.K.K.K.,alternating,0,UNSAT,16.0,3118
r1,4,0-1-2-7,K.K..C..,single-B endpoint,0,UNSAT,44.7,4873
r1,4,0-1-2-7,K..C..K.,single-B endpoint,0,UNSAT,7.8,1107
r1,4,0-1-2-7,.C..K.K.,single-B endpoint,0,UNSAT,43.2,4997
r1,4,0-1-2-7,.C...C..,double-B star,0,UNKNOWN,105.8,12005
r1,4,0-1-2-7,.K.K.K.K,alternating,0,UNSAT,12.3,1644
r1,4,0-1-2-7,.K.K..C.,single-B endpoint,0,UNSAT,9.0,1464
r1,4,0-1-2-7,.K..C..K,single-B endpoint,0,UNSAT,15.9,3049
r1,4,0-1-2-7,..C..K.K,single-B endpoint,0,UNSAT,16.5,2057
r1,4,0-1-2-7,..C...C.,double-B star,0,UNSAT,47.9,5486
r1,4,0-1-2-7,..K.K..C,single-B endpoint,0,UNSAT,10.2,923
r1,4,0-1-2-7,...C...C,double-B star,0,UNSAT,14.2,1625
r1,50,0-1-7-10,C..K.K..,single-B endpoint,0,UNKNOWN,113.7,18009
r1,50,0-1-7-10,C...C...,double-B star,0,UNKNOWN,128.9,15002
r1,50,0-1-7-10,K.K.K.K.,alternating,0,UNSAT,102.3,14140
r1,50,0-1-7-10,K.K..C..,single-B endpoint,0,UNKNOWN,101.4,12003
r1,50,0-1-7-10,K..C..K.,single-B endpoint,0,UNSAT,53.6,10599
r1,50,0-1-7-10,.C..K.K.,single-B endpoint,0,UNKNOWN,111.6,12001
r1,50,0-1-7-10,.C...C..,double-B star,0,UNKNOWN,101.1,12006
r1,50,0-1-7-10,.K.K.K.K,alternating,0,UNKNOWN,129.9,15006
r1,50,0-1-7-10,.K.K..C.,single-B endpoint,0,UNKNOWN,126.3,15005
r1,50,0-1-7-10,.K..C..K,single-B endpoint,0,UNKNOWN,122.9,15003
r1,50,0-1-7-10,..C..K.K,single-B endpoint,0,UNKNOWN,114.0,15001
r1,50,0-1-7-10,..C...C.,double-B star,0,UNKNOWN,110.3,18007
r1,50,0-1-7-10,..K.K..C,single-B endpoint,0,UNSAT,82.3,12729
r1,50,0-1-7-10,...C...C,double-B star,0,UNSAT,78.5,14212
r1,51,0-1-7-11,C...C...,double-B star,0,UNKNOWN,123.8,15003
r1,51,0-1-7-11,K.K.K.K.,alternating,0,UNKNOWN,121.6,15004
r1,51,0-1-7-11,K.K..C..,single-B endpoint,0,UNKNOWN,100.5,12000
r1,51,0-1-7-11,K..C..K.,single-B endpoint,0,UNSAT,79.0,14021
r1,51,0-1-7-11,.C..K.K.,single-B endpoint,0,UNKNOWN,114.1,15003
r1,51,0-1-7-11,.C...C..,double-B star,0,UNKNOWN,120.4,15004
r1,51,0-1-7-11,.K.K.K.K,alternating,0,UNKNOWN,121.4,15003
r1,51,0-1-7-11,..C..K.K,single-B endpoint,0,UNKNOWN,107.0,15008
r1,51,0-1-7-11,..C...C.,double-B star,0,UNSAT,107.3,17599
r1,51,0-1-7-11,..K.K..C,single-B endpoint,0,UNSAT,92.3,12921
r1,51,0-1-7-11,...C...C,double-B star,0,UNSAT,99.3,17820
r1,5,0-1-2-8,C..K.K..,single-B endpoint,0,UNSAT,7.3,294
r1,5,0-1-2-8,C...C...,double-B star,0,UNSAT,24.1,3517
r1,5,0-1-2-8,K.K.K.K.,alternating,0,UNSAT,46.6,4610
r1,5,0-1-2-8,K.K..C..,single-B endpoint,0,UNSAT,48.4,5101
r1,5,0-1-2-8,K..C..K.,single-B endpoint,0,UNSAT,12.5,1537
r1,5,0-1-2-8,.C..K.K.,single-B endpoint,0,UNSAT,47.9,5783
r1,5,0-1-2-8,.C...C..,double-B star,0,UNKNOWN,116.2,12011
r1,5,0-1-2-8,.K.K.K.K,alternating,0,UNSAT,11.6,1383
r1,5,0-1-2-8,.K.K..C.,single-B endpoint,0,UNSAT,15.0,1656
r1,5,0-1-2-8,.K..C..K,single-B endpoint,0,UNSAT,12.7,628
r1,5,0-1-2-8,..C..K.K,single-B endpoint,0,UNSAT,13.3,1653
r1,5,0-1-2-8,..C...C.,double-B star,0,UNSAT,22.2,2904
r1,5,0-1-2-8,..K.K..C,single-B endpoint,0,UNSAT,9.2,1438
r1,5,0-1-2-8,...C...C,double-B star,0,UNSAT,15.2,1823
r1,6,0-1-2-9,C..K.K..,single-B endpoint,0,UNSAT,9.2,338
r1,6,0-1-2-9,C...C...,double-B star,0,UNSAT,18.6,2157
r1,6,0-1-2-9,K.K.K.K.,alternating,0,UNSAT,54.2,6365
r1,6,0-1-2-9,K.K..C..,single-B endpoint,0,UNSAT,23.4,3320
r1,6,0-1-2-9,K..C..K.,single-B endpoint,0,UNSAT,11.7,1526
r1,6,0-1-2-9,.C..K.K.,single-B endpoint,0,UNSAT,20.4,2953
r1,6,0-1-2-9,.C...C..,double-B star,0,UNKNOWN,116.3,12002
r1,6,0-1-2-9,.K.K.K.K,alternating,0,UNSAT,14.0,2002
r1,6,0-1-2-9,.K.K..C.,single-B endpoint,0,UNSAT,20.1,2364
r1,6,0-1-2-9,.K..C..K,single-B endpoint,0,UNSAT,15.0,1942
r1,6,0-1-2-9,..C..K.K,single-B endpoint,0,UNSAT,38.4,4168
r1,6,0-1-2-9,..C...C.,double-B star,0,UNSAT,16.6,2711
r1,6,0-1-2-9,..K.K..C,single-B endpoint,0,UNSAT,8.8,761
r1,6,0-1-2-9,...C...C,double-B star,0,UNSAT,20.4,2934
r1,7,0-1-2-10,C..K.K..,single-B endpoint,0,UNSAT,8.6,254
r1,7,0-1-2-10,C...C...,double-B star,0,UNSAT,21.5,3161
r1,7,0-1-2-10,K.K.K.K.,alternating,0,UNSAT,57.6,7445
r1,7,0-1-2-10,K.K..C..,single-B endpoint,0,UNSAT,55.4,6193
r1,7,0-1-2-10,K..C..K.,single-B endpoint,0,UNSAT,22.0,2923
r1,7,0-1-2-10,.C..K.K.,single-B endpoint,0,UNSAT,67.7,8645
r1,7,0-1-2-10,.C...C..,double-B star,0,UNKNOWN,109.2,12003
r1,7,0-1-2-10,.K.K.K.K,alternating,0,UNSAT,17.8,2269
r1,7,0-1-2-10,.K.K..C.,single-B endpoint,0,UNSAT,16.7,1873
r1,7,0-1-2-10,.K..C..K,single-B endpoint,0,UNSAT,10.6,1210
r1,7,0-1-2-10,..C..K.K,single-B endpoint,0,UNSAT,62.9,6676
r1,7,0-1-2-10,..C...C.,double-B star,0,UNSAT,22.8,2811
r1,7,0-1-2-10,..K.K..C,single-B endpoint,0,UNSAT,14.2,1560
r1,7,0-1-2-10,...C...C,double-B star,0,UNSAT,15.8,1550
r1,8,0-1-3-4,C..K.K..,single-B endpoint,0,UNSAT,6.5,58
r1,8,0-1-3-4,C...C...,double-B star,0,UNSAT,10.6,58
r1,8,0-1-3-4,K.K.K.K.,alternating,0,UNSAT,10.4,131
r1,8,0-1-3-4,K.K..C..,single-B endpoint,0,UNSAT,9.4,58
r1,8,0-1-3-4,K..C..K.,single-B endpoint,0,UNSAT,8.7,123
r1,8,0-1-3-4,.C..K.K.,single-B endpoint,0,UNSAT,8.7,58
r1,8,0-1-3-4,.C...C..,double-B star,0,UNSAT,9.3,58
r1,8,0-1-3-4,.K.K.K.K,alternating,0,UNSAT,9.6,749
r1,8,0-1-3-4,.K.K..C.,single-B endpoint,0,UNSAT,9.4,58
r1,8,0-1-3-4,.K..C..K,single-B endpoint,0,UNSAT,10.0,225
r1,8,0-1-3-4,..C..K.K,single-B endpoint,0,UNSAT,15.4,1734
r1,8,0-1-3-4,..C...C.,double-B star,0,UNSAT,6.7,58
r1,8,0-1-3-4,..K.K..C,single-B endpoint,0,UNSAT,11.5,1149
r1,8,0-1-3-4,...C...C,double-B star,0,UNSAT,13.9,1162
r1,9,0-1-3-5,C..K.K..,single-B endpoint,0,UNSAT,10.7,561
r1,9,0-1-3-5,C...C...,double-B star,0,UNSAT,11.0,498
r1,9,0-1-3-5,K.K.K.K.,alternating,0,UNSAT,10.8,635
r1,9,0-1-3-5,K.K..C..,single-B endpoint,0,UNSAT,11.2,575
r1,9,0-1-3-5,K..C..K.,single-B endpoint,0,UNSAT,10.1,472
r1,9,0-1-3-5,.C..K.K.,single-B endpoint,0,UNSAT,11.5,457
r1,9,0-1-3-5,.C...C..,double-B star,0,UNKNOWN,100.2,12003
r1,9,0-1-3-5,.K.K.K.K,alternating,0,UNSAT,9.8,635
r1,9,0-1-3-5,.K.K..C.,single-B endpoint,0,UNSAT,15.3,1279
r1,9,0-1-3-5,.K..C..K,single-B endpoint,0,UNSAT,8.8,583
r1,9,0-1-3-5,..C..K.K,single-B endpoint,0,UNSAT,32.1,3251
r1,9,0-1-3-5,..C...C.,double-B star,0,UNSAT,60.3,6289
r1,9,0-1-3-5,..K.K..C,single-B endpoint,0,UNSAT,14.0,1239
r1,9,0-1-3-5,...C...C,double-B star,0,UNSAT,10.9,1296
r2,100,0-3-9-12,C..K.K..,single-B endpoint,0,UNKNOWN,140.3,12008
r2,100,0-3-9-12,K.K..C..,single-B endpoint,0,UNKNOWN,146.7,15017
r2,100,0-3-9-12,K..C..K.,single-B endpoint,0,UNKNOWN,136.5,15001
r2,100,0-3-9-12,.C..K.K.,single-B endpoint,0,UNKNOWN,154.9,15008
r2,100,0-3-9-12,.K.K..C.,single-B endpoint,0,UNKNOWN,147.9,15004
r2,100,0-3-9-12,.K..C..K,single-B endpoint,0,UNKNOWN,148.2,15003
r2,100,0-3-9-12,..C..K.K,single-B endpoint,0,UNKNOWN,153.0,15005
r2,100,0-3-9-12,..K.K..C,single-B endpoint,0,UNKNOWN,144.5,15010
r2,101,0-4-8-12,C..K.K..,single-B endpoint,0,UNKNOWN,136.6,15002
r2,101,0-4-8-12,K.K..C..,single-B endpoint,0,UNKNOWN,129.3,15000
r2,101,0-4-8-12,K..C..K.,single-B endpoint,0,UNKNOWN,129.7,15002
r2,101,0-4-8-12,.C..K.K.,single-B endpoint,0,UNKNOWN,143.2,15002
r2,101,0-4-8-12,.K.K..C.,single-B endpoint,0,UNKNOWN,122.4,18003
r2,101,0-4-8-12,.K..C..K,single-B endpoint,0,UNKNOWN,129.2,18001
r2,101,0-4-8-12,..C..K.K,single-B endpoint,0,UNKNOWN,126.5,15004
r2,101,0-4-8-12,..K.K..C,single-B endpoint,0,UNKNOWN,123.6,18006
r2,102,0-4-8-13,C..K.K..,single-B endpoint,0,UNKNOWN,122.7,18004
r2,102,0-4-8-13,K..C..K.,single-B endpoint,0,UNKNOWN,123.4,27006
r2,102,0-4-8-13,.C..K.K.,single-B endpoint,0,UNKNOWN,132.1,27006
r2,102,0-4-8-13,..C..K.K,single-B endpoint,0,UNKNOWN,125.9,27003
r2,51,0-1-7-11,C..K.K..,single-B endpoint,0,UNKNOWN,134.3,18004
r2,51,0-1-7-11,.K.K..C.,single-B endpoint,0,UNSAT,109.2,15696
r2,51,0-1-7-11,.K..C..K,single-B endpoint,0,UNKNOWN,128.1,15007
r2,52,0-1-7-12,C..K.K..,single-B endpoint,0,UNKNOWN,137.4,21004
r2,52,0-1-7-12,C...C...,double-B star,0,UNKNOWN,136.9,15003
r2,52,0-1-7-12,K.K..C..,single-B endpoint,0,UNKNOWN,134.2,18010
r2,52,0-1-7-12,K..C..K.,single-B endpoint,0,UNSAT,88.2,12370
r2,52,0-1-7-12,.C..K.K.,single-B endpoint,0,UNKNOWN,134.6,15003
r2,52,0-1-7-12,.C...C..,double-B star,0,UNKNOWN,120.6,15003
r2,52,0-1-7-12,.K.K..C.,single-B endpoint,0,UNSAT,80.4,12087
r2,52,0-1-7-12,.K..C..K,single-B endpoint,0,UNKNOWN,121.4,15007
r2,52,0-1-7-12,..C..K.K,single-B endpoint,0,UNSAT,67.9,10366
r2,52,0-1-7-12,..C...C.,double-B star,0,UNSAT,96.4,16773
r2,52,0-1-7-12,..K.K..C,single-B endpoint,0,UNSAT,108.7,19174
r2,52,0-1-7-12,...C...C,double-B star,0,UNKNOWN,121.0,21004
r2,53,0-1-8-9,C..K.K..,single-B endpoint,0,UNSAT,51.2,7345
r2,53,0-1-8-9,C...C...,double-B star,0,UNSAT,54.4,6055
r2,53,0-1-8-9,K.K..C..,single-B endpoint,0,UNKNOWN,133.9,15009
r2,53,0-1-8-9,K..C..K.,single-B endpoint,0,UNSAT,50.7,7638
r2,53,0-1-8-9,.C..K.K.,single-B endpoint,0,UNKNOWN,131.7,15002
r2,53,0-1-8-9,.C...C..,double-B star,0,UNSAT,93.7,14839
r2,53,0-1-8-9,.K.K..C.,single-B endpoint,0,UNKNOWN,139.2,15005
r2,53,0-1-8-9,.K..C..K,single-B endpoint,0,UNSAT,57.3,7278
r2,53,0-1-8-9,..C..K.K,single-B endpoint,0,UNSAT,105.8,13842
r2,53,0-1-8-9,..C...C.,double-B star,0,UNKNOWN,130.1,21008
r2,53,0-1-8-9,..K.K..C,single-B endpoint,0,UNSAT,71.3,9567
r2,53,0-1-8-9,...C...C,double-B star,0,UNSAT,54.1,8693
r2,54,0-1-8-10,C..K.K..,single-B endpoint,0,UNSAT,105.0,16985
r2,54,0-1-8-10,C...C...,double-B star,0,UNSAT,67.4,10814
r2,54,0-1-8-10,K.K..C..,single-B endpoint,0,UNKNOWN,133.0,18001
r2,54,0-1-8-10,K..C..K.,single-B endpoint,0,UNSAT,54.9,8867
r2,54,0-1-8-10,.C..K.K.,single-B endpoint,0,UNKNOWN,127.9,15003
r2,54,0-1-8-10,.C...C..,double-B star,0,UNKNOWN,122.1,15003
r2,54,0-1-8-10,.K.K..C.,single-B endpoint,0,UNSAT,87.7,13976
r2,54,0-1-8-10,.K..C..K,single-B endpoint,0,UNKNOWN,127.8,15003
r2,54,0-1-8-10,..C..K.K,single-B endpoint,0,UNSAT,83.0,13132
r2,54,0-1-8-10,..C...C.,double-B star,0,UNSAT,105.7,14362
r2,54,0-1-8-10,..K.K..C,single-B endpoint,0,UNSAT,102.2,13247
r2,54,0-1-8-10,...C...C,double-B star,0,UNSAT,79.2,11032
r2,55,0-1-8-11,C..K.K..,single-B endpoint,0,UNKNOWN,134.0,15002
r2,55,0-1-8-11,C...C...,double-B star,0,UNKNOWN,129.9,15013
r2,55,0-1-8-11,K.K..C..,single-B endpoint,0,UNKNOWN,126.9,15010
r2,55,0-1-8-11,K..C..K.,single-B endpoint,0,UNSAT,93.2,16390
r2,55,0-1-8-11,.C..K.K.,single-B endpoint,0,UNKNOWN,130.1,18002
r2,55,0-1-8-11,.C...C..,double-B star,0,UNKNOWN,127.6,18004
r2,55,0-1-8-11,.K.K..C.,single-B endpoint,0,UNSAT,111.3,15148
r2,55,0-1-8-11,.K..C..K,single-B endpoint,0,UNKNOWN,138.3,18000
r2,55,0-1-8-11,..C..K.K,single-B endpoint,0,UNSAT,107.1,13878
r2,55,0-1-8-11,..C...C.,double-B star,0,UNSAT,118.3,18016
r2,55,0-1-8-11,..K.K..C,single-B endpoint,0,UNSAT,89.3,15536
r2,55,0-1-8-11,...C...C,double-B star,0,UNSAT,116.5,21162
r2,56,0-1-9-10,C..K.K..,single-B endpoint,0,UNSAT,67.1,9809
r2,56,0-1-9-10,C...C...,double-B star,0,UNSAT,69.9,9028
r2,56,0-1-9-10,K.K..C..,single-B endpoint,0,UNSAT,106.1,14541
r2,56,0-1-9-10,K..C..K.,single-B endpoint,0,UNSAT,68.7,11533
r2,56,0-1-9-10,.C..K.K.,single-B endpoint,0,UNSAT,55.0,8518
r2,56,0-1-9-10,.C...C..,double-B star,0,UNSAT,64.5,11253
r2,56,0-1-9-10,.K.K..C.,single-B endpoint,0,UNSAT,64.4,10501
r2,56,0-1-9-10,.K..C..K,single-B endpoint,0,UNSAT,67.0,9682
r2,56,0-1-9-10,..C..K.K,single-B endpoint,0,UNSAT,54.9,8680
r2,56,0-1-9-10,..C...C.,double-B star,0,UNSAT,77.2,10207
r2,56,0-1-9-10,..K.K..C,single-B endpoint,0,UNSAT,66.1,9915
r2,56,0-1-9-10,...C...C,double-B star,0,UNKNOWN,130.7,18004
r2,57,0-2-4-6,C..K.K..,single-B endpoint,0,UNSAT,13.0,1247
r2,57,0-2-4-6,C...C...,double-B star,0,UNSAT,13.7,1474
r2,57,0-2-4-6,K.K..C..,single-B endpoint,0,UNSAT,37.0,3773
r2,57,0-2-4-6,K..C..K.,single-B endpoint,0,UNSAT,12.0,1271
r2,57,0-2-4-6,.C..K.K.,single-B endpoint,0,UNSAT,38.6,4635
r2,57,0-2-4-6,.C...C..,double-B star,0,UNKNOWN,143.6,15004
r2,57,0-2-4-6,.K.K..C.,single-B endpoint,0,UNSAT,66.6,6388
r2,57,0-2-4-6,.K..C..K,single-B endpoint,0,UNSAT,11.3,970
r2,57,0-2-4-6,..C..K.K,single-B endpoint,0,UNSAT,58.9,6373
r2,57,0-2-4-6,..C...C.,double-B star,0,UNKNOWN,134.2,15001
r2,57,0-2-4-6,..K.K..C,single-B endpoint,0,UNSAT,11.4,1257
r2,57,0-2-4-6,...C...C,double-B star,0,UNSAT,15.4,1980
r2,58,0-2-4-7,C..K.K..,single-B endpoint,0,UNSAT,37.9,4214
r2,58,0-2-4-7,C...C...,double-B star,0,UNSAT,14.1,2108
r2,58,0-2-4-7,K.K..C..,single-B endpoint,0,UNKNOWN,131.3,18008
r2,58,0-2-4-7,K..C..K.,single-B endpoint,0,UNSAT,18.8,2586
r2,58,0-2-4-7,.C..K.K.,single-B endpoint,0,UNKNOWN,138.9,15006
r2,58,0-2-4-7,.C...C..,double-B star,0,UNKNOWN,130.1,15001
r2,58,0-2-4-7,.K.K..C.,single-B endpoint,0,UNSAT,78.6,13603
r2,58,0-2-4-7,.K..C..K,single-B endpoint,0,UNSAT,12.7,2293
r2,58,0-2-4-7,..C..K.K,single-B endpoint,0,UNSAT,56.4,9900
r2,58,0-2-4-7,..C...C.,double-B star,0,UNKNOWN,130.6,15002
r2,58,0-2-4-7,..K.K..C,single-B endpoint,0,UNSAT,17.0,2888
r2,58,0-2-4-7,...C...C,double-B star,0,UNSAT,48.2,4291
r2,59,0-2-4-8,C..K.K..,single-B endpoint,0,UNSAT,44.0,5223
r2,59,0-2-4-8,C...C...,double-B star,0,UNSAT,44.8,4137
r2,59,0-2-4-8,K.K..C..,single-B endpoint,0,UNKNOWN,123.5,15001
r2,59,0-2-4-8,K..C..K.,single-B endpoint,0,UNSAT,18.5,2545
r2,59,0-2-4-8,.C..K.K.,single-B endpoint,0,UNKNOWN,121.9,15003
r2,59,0-2-4-8,.C...C..,double-B star,0,UNKNOWN,147.9,15008
r2,59,0-2-4-8,.K.K..C.,single-B endpoint,0,UNKNOWN,124.4,15001
r2,59,0-2-4-8,.K..C..K,single-B endpoint,0,UNSAT,40.9,5751
r2,59,0-2-4-8,..C..K.K,single-B endpoint,0,UNSAT,64.4,10852
r2,59,0-2-4-8,..C...C.,double-B star,0,UNSAT,107.6,14618
r2,59,0-2-4-8,..K.K..C,single-B endpoint,0,UNSAT,40.9,4949
r2,59,0-2-4-8,...C...C,double-B star,0,UNSAT,19.5,2963
r2,60,0-2-4-9,C..K.K..,single-B endpoint,0,UNSAT,66.7,8493
r2,60,0-2-4-9,C...C...,double-B star,0,UNSAT,52.8,8607
r2,60,0-2-4-9,K.K..C..,single-B endpoint,0,UNKNOWN,120.9,15002
r2,60,0-2-4-9,K..C..K.,single-B endpoint,0,UNSAT,16.9,3221
r2,60,0-2-4-9,.C..K.K.,single-B endpoint,0,UNKNOWN,132.1,15002
r2,60,0-2-4-9,.C...C..,double-B star,0,UNKNOWN,143.8,15011
r2,60,0-2-4-9,.K.K..C.,single-B endpoint,0,UNKNOWN,128.9,15005
r2,60,0-2-4-9,.K..C..K,single-B endpoint,0,UNSAT,60.0,7830
r2,60,0-2-4-9,..C..K.K,single-B endpoint,0,UNSAT,77.7,11484
r2,60,0-2-4-9,..C...C.,double-B star,0,UNSAT,107.0,14632
r2,60,0-2-4-9,..K.K..C,single-B endpoint,0,UNSAT,60.4,7178
r2,60,0-2-4-9,...C...C,double-B star,0,UNSAT,56.5,6128
r2,61,0-2-4-10,C..K.K..,single-B endpoint,0,UNSAT,52.9,8927
r2,61,0-2-4-10,C...C...,double-B star,0,UNSAT,63.4,9588
r2,61,0-2-4-10,K.K..C..,single-B endpoint,0,UNKNOWN,135.3,15005
r2,61,0-2-4-10,K..C..K.,single-B endpoint,0,UNSAT,60.7,7048
r2,61,0-2-4-10,.C..K.K.,single-B endpoint,0,UNKNOWN,135.6,15004
r2,61,0-2-4-10,.C...C..,double-B star,0,UNKNOWN,122.4,12002
r2,61,0-2-4-10,.K.K..C.,single-B endpoint,0,UNSAT,99.5,14172
r2,61,0-2-4-10,.K..C..K,single-B endpoint,0,UNSAT,75.1,10962
r2,61,0-2-4-10,..C..K.K,single-B endpoint,0,UNSAT,106.0,16084
r2,61,0-2-4-10,..C...C.,double-B star,0,UNSAT,117.6,16891
r2,61,0-2-4-10,..K.K..C,single-B endpoint,0,UNSAT,48.3,8210
r2,61,0-2-4-10,...C...C,double-B star,0,UNSAT,20.8,3263
r2,62,0-2-4-11,C..K.K..,single-B endpoint,0,UNSAT,68.6,10658
r2,62,0-2-4-11,C...C...,double-B star,0,UNSAT,71.5,10057
r2,62,0-2-4-11,K.K..C..,single-B endpoint,0,UNKNOWN,130.3,18005
r2,62,0-2-4-11,K..C..K.,single-B endpoint,0,UNSAT,53.0,6502
r2,62,0-2-4-11,.C..K.K.,single-B endpoint,0,UNKNOWN,134.7,18005
r2,62,0-2-4-11,.C...C..,double-B star,0,UNKNOWN,141.2,15005
r2,62,0-2-4-11,.K.K..C.,single-B endpoint,0,UNSAT,65.5,10702
r2,62,0-2-4-11,.K..C..K,single-B endpoint,0,UNSAT,64.2,8667
r2,62,0-2-4-11,..C..K.K,single-B endpoint,0,UNSAT,62.8,10795
r2,62,0-2-4-11,..C...C.,double-B star,0,UNSAT,79.8,11635
r2,62,0-2-4-11,..K.K..C,single-B endpoint,0,UNSAT,59.7,7303
r2,62,0-2-4-11,...C...C,double-B star,0,UNSAT,43.4,6627
r2,63,0-2-5-7,C..K.K..,single-B endpoint,0,UNSAT,17.8,2244
r2,63,0-2-5-7,C...C...,double-B star,0,UNSAT,45.3,4966
r2,63,0-2-5-7,K.K..C..,single-B endpoint,0,UNKNOWN,139.3,18010
r2,63,0-2-5-7,K..C..K.,single-B endpoint,0,UNSAT,19.6,3271
r2,63,0-2-5-7,.C..K.K.,single-B endpoint,0,UNKNOWN,120.1,15006
r2,63,0-2-5-7,.C...C..,double-B star,0,UNKNOWN,128.0,15004
r2,63,0-2-5-7,.K.K..C.,single-B endpoint,0,UNSAT,126.1,22053
r2,63,0-2-5-7,.K..C..K,single-B endpoint,0,UNSAT,18.1,1891
r2,63,0-2-5-7,..C..K.K,single-B endpoint,0,UNSAT,123.3,21664
r2,63,0-2-5-7,..C...C.,double-B star,0,UNKNOWN,138.0,15006
r2,63,0-2-5-7,..K.K..C,single-B endpoint,0,UNSAT,16.5,2037
r2,63,0-2-5-7,...C...C,double-B star,0,UNSAT,20.8,2681
r2,64,0-2-5-8,C..K.K..,single-B endpoint,0,UNSAT,44.7,4714
r2,64,0-2-5-8,C...C...,double-B star,0,UNSAT,39.9,4071
r2,64,0-2-5-8,K.K..C..,single-B endpoint,0,UNKNOWN,131.1,15013
r2,64,0-2-5-8,K..C..K.,single-B endpoint,0,UNSAT,42.2,4855
r2,64,0-2-5-8,.C..K.K.,single-B endpoint,0,UNKNOWN,131.9,15005
r2,64,0-2-5-8,.C...C..,double-B star,0,UNKNOWN,138.5,15011
r2,64,0-2-5-8,.K.K..C.,single-B endpoint,0,UNKNOWN,134.1,18004
r2,64,0-2-5-8,.K..C..K,single-B endpoint,0,UNSAT,50.8,5152
r2,64,0-2-5-8,..C..K.K,single-B endpoint,0,UNKNOWN,124.8,15004
r2,64,0-2-5-8,..C...C.,double-B star,0,UNKNOWN,121.1,18009
r2,64,0-2-5-8,..K.K..C,single-B endpoint,0,UNSAT,39.7,6486
r2,64,0-2-5-8,...C...C,double-B star,0,UNSAT,39.8,5819
r2,65,0-2-5-9,C..K.K..,single-B endpoint,0,UNSAT,63.1,10351
r2,65,0-2-5-9,C...C...,double-B star,0,UNSAT,61.2,7558
r2,65,0-2-5-9,K.K..C..,single-B endpoint,0,UNKNOWN,129.6,21009
r2,65,0-2-5-9,K..C..K.,single-B endpoint,0,UNSAT,48.3,6693
r2,65,0-2-5-9,.C..K.K.,single-B endpoint,0,UNKNOWN,123.8,15002
r2,65,0-2-5-9,.C...C..,double-B star,0,UNKNOWN,130.3,18002
r2,65,0-2-5-9,.K.K..C.,single-B endpoint,0,UNKNOWN,131.0,18004
r2,65,0-2-5-9,.K..C..K,single-B endpoint,0,UNSAT,63.1,11187
r2,65,0-2-5-9,..C..K.K,single-B endpoint,0,UNKNOWN,136.5,21009
r2,65,0-2-5-9,..C...C.,double-B star,0,UNKNOWN,125.1,15005
r2,65,0-2-5-9,..K.K..C,single-B endpoint,0,UNSAT,62.7,8678
r2,65,0-2-5-9,...C...C,double-B star,0,UNSAT,59.2,8402
r2,66,0-2-5-10,C..K.K..,single-B endpoint,0,UNSAT,112.9,17010
r2,66,0-2-5-10,C...C...,double-B star,0,UNKNOWN,137.2,15003
r2,66,0-2-5-10,K.K..C..,single-B endpoint,0,UNKNOWN,140.7,15003
r2,66,0-2-5-10,K..C..K.,single-B endpoint,0,UNSAT,60.9,9884
r2,66,0-2-5-10,.C..K.K.,single-B endpoint,0,UNKNOWN,130.9,18006
r2,66,0-2-5-10,.C...C..,double-B star,0,UNKNOWN,159.4,15002
r2,66,0-2-5-10,.K.K..C.,single-B endpoint,0,UNKNOWN,141.7,18001
r2,66,0-2-5-10,.K..C..K,single-B endpoint,0,UNSAT,97.9,14934
r2,66,0-2-5-10,..C..K.K,single-B endpoint,0,UNKNOWN,128.0,18005
r2,66,0-2-5-10,..C...C.,double-B star,0,UNKNOWN,131.8,15002
r2,66,0-2-5-10,..K.K..C,single-B endpoint,0,UNSAT,65.8,11425
r2,66,0-2-5-10,...C...C,double-B star,0,UNSAT,67.5,8857
r2,67,0-2-5-11,C..K.K..,single-B endpoint,0,UNKNOWN,121.8,15001
r2,67,0-2-5-11,C...C...,double-B star,0,UNKNOWN,144.3,18004
r2,67,0-2-5-11,K.K..C..,single-B endpoint,0,UNKNOWN,129.1,15002
r2,67,0-2-5-11,K..C..K.,single-B endpoint,0,UNSAT,104.0,13037
r2,67,0-2-5-11,.C..K.K.,single-B endpoint,0,UNKNOWN,131.8,18009
r2,67,0-2-5-11,.C...C..,double-B star,0,UNKNOWN,136.1,15001
r2,67,0-2-5-11,.K.K..C.,single-B endpoint,0,UNKNOWN,141.7,18002
r2,67,0-2-5-11,.K..C..K,single-B endpoint,0,UNKNOWN,124.9,18012
r2,67,0-2-5-11,..C..K.K,single-B endpoint,0,UNSAT,79.7,13650
r2,67,0-2-5-11,..C...C.,double-B star,0,UNKNOWN,126.9,18006
r2,67,0-2-5-11,..K.K..C,single-B endpoint,0,UNSAT,81.2,11735
r2,67,0-2-5-11,...C...C,double-B star,0,UNSAT,80.3,12086
r2,68,0-2-5-12,C..K.K..,single-B endpoint,0,UNKNOWN,138.7,18005
r2,68,0-2-5-12,C...C...,double-B star,0,UNKNOWN,151.7,15005
r2,68,0-2-5-12,K.K..C..,single-B endpoint,0,UNKNOWN,132.9,15008
r2,68,0-2-5-12,K..C..K.,single-B endpoint,0,UNSAT,132.3,17936
r2,68,0-2-5-12,.C..K.K.,single-B endpoint,0,UNKNOWN,120.3,15006
r2,68,0-2-5-12,.C...C..,double-B star,0,UNKNOWN,148.9,15003
r2,68,0-2-5-12,.K.K..C.,single-B endpoint,0,UNKNOWN,122.4,15001
r2,68,0-2-5-12,.K..C..K,single-B endpoint,0,UNKNOWN,136.8,18003
r2,68,0-2-5-12,..C..K.K,single-B endpoint,0,UNSAT,105.8,19561
r2,68,0-2-5-12,..C...C.,double-B star,0,UNSAT,117.9,16447
r2,68,0-2-5-12,..K.K..C,single-B endpoint,0,UNSAT,68.1,10010
r2,68,0-2-5-12,...C...C,double-B star,0,UNSAT,118.7,17691
r2,69,0-2-5-13,C..K.K..,single-B endpoint,0,UNKNOWN,127.4,15001
r2,69,0-2-5-13,C...C...,double-B star,0,UNKNOWN,145.8,15008
r2,69,0-2-5-13,K.K..C..,single-B endpoint,0,UNKNOWN,136.9,18004
r2,69,0-2-5-13,K..C..K.,single-B endpoint,0,UNKNOWN,120.3,15003
r2,69,0-2-5-13,.C..K.K.,single-B endpoint,0,UNKNOWN,123.6,15007
r2,69,0-2-5-13,.C...C..,double-B star,0,UNKNOWN,144.5,15002
r2,69,0-2-5-13,.K.K..C.,single-B endpoint,0,UNKNOWN,121.0,15002
r2,69,0-2-5-13,.K..C..K,single-B endpoint,0,UNKNOWN,139.5,18003
r2,69,0-2-5-13,..C..K.K,single-B endpoint,0,UNSAT,92.0,13202
r2,69,0-2-5-13,..C...C.,double-B star,0,UNSAT,78.0,10182
r2,69,0-2-5-13,..K.K..C,single-B endpoint,0,UNSAT,86.5,12672
r2,69,0-2-5-13,...C...C,double-B star,0,UNSAT,70.9,9419
r2,70,0-2-5-14,C..K.K..,single-B endpoint,0,UNKNOWN,137.0,18007
r2,70,0-2-5-14,C...C...,double-B star,0,UNKNOWN,152.4,15000
r2,70,0-2-5-14,K.K..C..,single-B endpoint,0,UNKNOWN,137.8,18009
r2,70,0-2-5-14,K..C..K.,single-B endpoint,0,UNSAT,75.6,11619
r2,70,0-2-5-14,.C..K.K.,single-B endpoint,0,UNKNOWN,129.5,15002
r2,70,0-2-5-14,.C...C..,double-B star,0,UNKNOWN,151.4,15007
r2,70,0-2-5-14,.K.K..C.,single-B endpoint,0,UNSAT,64.6,9253
r2,70,0-2-5-14,.K..C..K,single-B endpoint,0,UNKNOWN,130.3,15008
r2,70,0-2-5-14,..C..K.K,single-B endpoint,0,UNSAT,65.1,9251
r2,70,0-2-5-14,..C...C.,double-B star,0,UNSAT,66.7,7839
r2,70,0-2-5-14,..K.K..C,single-B endpoint,0,UNSAT,59.1,7834
r2,70,0-2-5-14,...C...C,double-B star,0,UNSAT,65.2,8635
r2,71,0-2-5-15,C..K.K..,single-B endpoint,0,UNKNOWN,131.8,21002
r2,71,0-2-5-15,C...C...,double-B star,0,UNKNOWN,154.5,15004
r2,71,0-2-5-15,K.K..C..,single-B endpoint,0,UNKNOWN,131.7,15009
r2,71,0-2-5-15,K..C..K.,single-B endpoint,0,UNSAT,54.0,5654
r2,71,0-2-5-15,.C..K.K.,single-B endpoint,0,UNKNOWN,126.1,15000
r2,71,0-2-5-15,.C...C..,double-B star,0,UNKNOWN,145.5,15008
r2,71,0-2-5-15,.K.K..C.,single-B endpoint,0,UNSAT,40.0,5087
r2,71,0-2-5-15,.K..C..K,single-B endpoint,0,UNKNOWN,121.8,15034
r2,71,0-2-5-15,..C..K.K,single-B endpoint,0,UNSAT,76.7,9211
r2,71,0-2-5-15,..C...C.,double-B star,0,UNSAT,58.4,6566
r2,71,0-2-5-15,..K.K..C,single-B endpoint,0,UNSAT,53.1,6079
r2,71,0-2-5-15,...C...C,double-B star,0,UNSAT,51.2,6360
r2,72,0-2-6-8,C..K.K..,single-B endpoint,0,UNSAT,45.2,5124
r2,72,0-2-6-8,C...C...,double-B star,0,UNSAT,41.4,4607
r2,72,0-2-6-8,K.K..C..,single-B endpoint,0,UNKNOWN,137.6,15003
r2,72,0-2-6-8,K..C..K.,single-B endpoint,0,UNSAT,43.9,7129
r2,72,0-2-6-8,.C..K.K.,single-B endpoint,0,UNKNOWN,133.2,21010
r2,72,0-2-6-8,.C...C..,double-B star,0,UNKNOWN,145.1,15001
r2,72,0-2-6-8,.K.K..C.,single-B endpoint,0,UNKNOWN,127.8,15003
r2,72,0-2-6-8,.K..C..K,single-B endpoint,0,UNSAT,40.4,5219
r2,72,0-2-6-8,..C..K.K,single-B endpoint,0,UNKNOWN,133.2,18005
r2,72,0-2-6-8,..C...C.,double-B star,0,UNKNOWN,127.7,15004
r2,72,0-2-6-8,..K.K..C,single-B endpoint,0,UNSAT,47.8,5752
r2,72,0-2-6-8,...C...C,double-B star,0,UNSAT,49.5,6316
r2,73,0-2-6-9,C..K.K..,single-B endpoint,0,UNSAT,84.2,11798
r2,73,0-2-6-9,C...C...,double-B star,0,UNSAT,53.3,7949
r2,73,0-2-6-9,K.K..C..,single-B endpoint,0,UNKNOWN,134.4,15004
r2,73,0-2-6-9,K..C..K.,single-B endpoint,0,UNSAT,54.0,9195
r2,73,0-2-6-9,.C..K.K.,single-B endpoint,0,UNKNOWN,120.1,18004
r2,73,0-2-6-9,.C...C..,double-B star,0,UNKNOWN,134.3,15003
r2,73,0-2-6-9,.K.K..C.,single-B endpoint,0,UNKNOWN,131.1,15006
r2,73,0-2-6-9,.K..C..K,single-B endpoint,0,UNSAT,72.9,10997
r2,73,0-2-6-9,..C..K.K,single-B endpoint,0,UNKNOWN,134.1,18009
r2,73,0-2-6-9,..C...C.,double-B star,0,UNKNOWN,147.2,15003
r2,73,0-2-6-9,..K.K..C,single-B endpoint,0,UNSAT,53.0,8298
r2,73,0-2-6-9,...C...C,double-B star,0,UNSAT,69.5,10639
r2,74,0-2-6-10,C..K.K..,single-B endpoint,0,UNSAT,89.1,16421
r2,74,0-2-6-10,C...C...,double-B star,0,UNKNOWN,123.9,15002
r2,74,0-2-6-10,K.K..C..,single-B endpoint,0,UNKNOWN,121.4,18004
r2,74,0-2-6-10,K..C..K.,single-B endpoint,0,UNSAT,71.5,11851
r2,74,0-2-6-10,.C..K.K.,single-B endpoint,0,UNKNOWN,131.7,15004
r2,74,0-2-6-10,.C...C..,double-B star,0,UNKNOWN,121.7,12001
r2,74,0-2-6-10,.K.K..C.,single-B endpoint,0,UNKNOWN,142.3,18002
r2,74,0-2-6-10,.K..C..K,single-B endpoint,0,UNKNOWN,121.4,18005
r2,74,0-2-6-10,..C..K.K,single-B endpoint,0,UNKNOWN,136.4,21006
r2,74,0-2-6-10,..C...C.,double-B star,0,UNKNOWN,132.1,18009
r2,74,0-2-6-10,..K.K..C,single-B endpoint,0,UNSAT,87.4,13563
r2,74,0-2-6-10,...C...C,double-B star,0,UNSAT,82.6,13542
r2,75,0-2-6-11,C..K.K..,single-B endpoint,0,UNKNOWN,123.4,18003
r2,75,0-2-6-11,C...C...,double-B star,0,UNKNOWN,130.6,15004
r2,75,0-2-6-11,K.K..C..,single-B endpoint,0,UNKNOWN,122.9,15002
r2,75,0-2-6-11,K..C..K.,single-B endpoint,0,UNSAT,122.2,19746
r2,75,0-2-6-11,.C..K.K.,single-B endpoint,0,UNKNOWN,126.6,15007
r2,75,0-2-6-11,.C...C..,double-B star,0,UNKNOWN,137.4,15000
r2,75,0-2-6-11,.K.K..C.,single-B endpoint,0,UNKNOWN,121.3,15006
r2,75,0-2-6-11,.K..C..K,single-B endpoint,0,UNKNOWN,122.7,15004
r2,75,0-2-6-11,..C..K.K,single-B endpoint,0,UNKNOWN,127.5,15006
r2,75,0-2-6-11,..C...C.,double-B star,0,UNKNOWN,137.8,18004
r2,75,0-2-6-11,..K.K..C,single-B endpoint,0,UNSAT,127.1,20417
r2,75,0-2-6-11,...C...C,double-B star,0,UNSAT,89.9,13592
r2,76,0-2-6-12,C..K.K..,single-B endpoint,0,UNKNOWN,133.8,15005
r2,76,0-2-6-12,C...C...,double-B star,0,UNKNOWN,145.6,15005
r2,76,0-2-6-12,K.K..C..,single-B endpoint,0,UNKNOWN,132.5,15006
r2,76,0-2-6-12,K..C..K.,single-B endpoint,0,UNKNOWN,121.0,15006
r2,76,0-2-6-12,.C..K.K.,single-B endpoint,0,UNKNOWN,132.9,15008
r2,76,0-2-6-12,.C...C..,double-B star,0,UNKNOWN,129.4,15000
r2,76,0-2-6-12,.K.K..C.,single-B endpoint,0,UNKNOWN,128.2,15002
r2,76,0-2-6-12,.K..C..K,single-B endpoint,0,UNKNOWN,137.2,15002
r2,76,0-2-6-12,..C..K.K,single-B endpoint,0,UNKNOWN,125.5,15006
r2,76,0-2-6-12,..C...C.,double-B star,0,UNKNOWN,123.7,15002
r2,76,0-2-6-12,..K.K..C,single-B endpoint,0,UNKNOWN,128.9,18004
r2,76,0-2-6-12,...C...C,double-B star,0,UNSAT,115.6,19726
r2,77,0-2-6-13,C..K.K..,single-B endpoint,0,UNKNOWN,135.0,15006
r2,77,0-2-6-13,C...C...,double-B star,0,UNKNOWN,145.5,15003
r2,77,0-2-6-13,K.K..C..,single-B endpoint,0,UNKNOWN,147.6,15005
r2,77,0-2-6-13,K..C..K.,single-B endpoint,0,UNKNOWN,131.2,15006
r2,77,0-2-6-13,.C..K.K.,single-B endpoint,0,UNKNOWN,121.2,15005
r2,77,0-2-6-13,.C...C..,double-B star,0,UNKNOWN,155.7,15002
r2,77,0-2-6-13,.K.K..C.,single-B endpoint,0,UNKNOWN,124.0,15000
r2,77,0-2-6-13,.K..C..K,single-B endpoint,0,UNKNOWN,138.0,15003
r2,77,0-2-6-13,..C..K.K,single-B endpoint,0,UNKNOWN,123.4,15001
r2,77,0-2-6-13,..C...C.,double-B star,0,UNKNOWN,126.7,18009
r2,77,0-2-6-13,..K.K..C,single-B endpoint,0,UNKNOWN,132.9,18002
r2,77,0-2-6-13,...C...C,double-B star,0,UNSAT,103.7,15617
r2,78,0-2-6-14,C..K.K..,single-B endpoint,0,UNKNOWN,138.9,15002
r2,78,0-2-6-14,C...C...,double-B star,0,UNKNOWN,159.9,15021
r2,78,0-2-6-14,K.K..C..,single-B endpoint,0,UNKNOWN,130.7,15002
r2,78,0-2-6-14,K..C..K.,single-B endpoint,0,UNKNOWN,126.1,18002
r2,78,0-2-6-14,.C..K.K.,single-B endpoint,0,UNKNOWN,139.0,15006
r2,78,0-2-6-14,.C...C..,double-B star,0,UNKNOWN,131.1,15006
r2,78,0-2-6-14,.K.K..C.,single-B endpoint,0,UNKNOWN,136.6,18001
r2,78,0-2-6-14,.K..C..K,single-B endpoint,0,UNKNOWN,143.1,15006
r2,78,0-2-6-14,..C..K.K,single-B endpoint,0,UNSAT,105.4,14407
r2,78,0-2-6-14,..C...C.,double-B star,0,UNSAT,74.3,10788
r2,78,0-2-6-14,..K.K..C,single-B endpoint,0,UNKNOWN,135.3,18004
r2,78,0-2-6-14,...C...C,double-B star,0,UNSAT,83.4,13196
r2,79,0-2-7-9,C..K.K..,single-B endpoint,0,UNSAT,72.2,10001
r2,79,0-2-7-9,C...C...,double-B star,0,UNSAT,60.1,7986
r2,79,0-2-7-9,K.K..C..,single-B endpoint,0,UNKNOWN,132.7,15004
r2,79,0-2-7-9,K..C..K.,single-B endpoint,0,UNSAT,66.9,10070
r2,79,0-2-7-9,.C..K.K.,single-B endpoint,0,UNKNOWN,134.1,15004
r2,79,0-2-7-9,.C...C..,double-B star,0,UNKNOWN,121.3,15006
r2,79,0-2-7-9,.K.K..C.,single-B endpoint,0,UNKNOWN,128.2,15006
r2,79,0-2-7-9,.K..C..K,single-B endpoint,0,UNSAT,67.0,9498
r2,79,0-2-7-9,..C..K.K,single-B endpoint,0,UNKNOWN,137.5,18002
r2,79,0-2-7-9,..C...C.,double-B star,0,UNKNOWN,134.6,15007
r2,79,0-2-7-9,..K.K..C,single-B endpoint,0,UNSAT,70.7,11034
r2,79,0-2-7-9,...C...C,double-B star,0,UNSAT,72.6,10412
r2,80,0-2-7-10,C..K.K..,single-B endpoint,0,UNKNOWN,124.6,15003
r2,80,0-2-7-10,C...C...,double-B star,0,UNKNOWN,130.2,15007
r2,80,0-2-7-10,K.K..C..,single-B endpoint,0,UNKNOWN,123.2,15003
r2,80,0-2-7-10,K..C..K.,single-B endpoint,0,UNSAT,115.5,20225
r2,80,0-2-7-10,.C..K.K.,single-B endpoint,0,UNKNOWN,121.8,15002
r2,80,0-2-7-10,.C...C..,double-B star,0,UNKNOWN,149.6,15006
r2,80,0-2-7-10,.K.K..C.,single-B endpoint,0,UNKNOWN,121.8,15012
r2,80,0-2-7-10,.K..C..K,single-B endpoint,0,UNSAT,117.4,17338
r2,80,0-2-7-10,..C..K.K,single-B endpoint,0,UNKNOWN,128.2,15006
r2,80,0-2-7-10,..C...C.,double-B star,0,UNKNOWN,120.2,15008
r2,80,0-2-7-10,..K.K..C,single-B endpoint,0,UNSAT,110.8,18567
r2,80,0-2-7-10,...C...C,double-B star,0,UNSAT,93.2,13707
r2,81,0-2-7-11,C..K.K..,single-B endpoint,0,UNKNOWN,136.3,15022
r2,81,0-2-7-11,C...C...,double-B star,0,UNKNOWN,144.4,15004
r2,81,0-2-7-11,K.K..C..,single-B endpoint,0,UNKNOWN,124.3,15002
r2,81,0-2-7-11,K..C..K.,single-B endpoint,0,UNKNOWN,121.0,18008
r2,81,0-2-7-11,.C..K.K.,single-B endpoint,0,UNKNOWN,126.0,15003
r2,81,0-2-7-11,.C...C..,double-B star,0,UNKNOWN,130.4,15004
r2,81,0-2-7-11,.K.K..C.,single-B endpoint,0,UNKNOWN,121.1,15000
r2,81,0-2-7-11,.K..C..K,single-B endpoint,0,UNKNOWN,137.3,15004
r2,81,0-2-7-11,..C..K.K,single-B endpoint,0,UNKNOWN,125.6,15004
r2,81,0-2-7-11,..C...C.,double-B star,0,UNKNOWN,123.2,15008
r2,81,0-2-7-11,..K.K..C,single-B endpoint,0,UNKNOWN,131.3,21003
r2,81,0-2-7-11,...C...C,double-B star,0,UNSAT,122.4,20129
r2,82,0-2-7-12,C..K.K..,single-B endpoint,0,UNKNOWN,128.8,15009
r2,82,0-2-7-12,C...C...,double-B star,0,UNKNOWN,139.1,15004
r2,82,0-2-7-12,K.K..C..,single-B endpoint,0,UNKNOWN,132.7,15003
r2,82,0-2-7-12,K..C..K.,single-B endpoint,0,UNKNOWN,130.8,18004
r2,82,0-2-7-12,.C..K.K.,single-B endpoint,0,UNKNOWN,124.5,15003
r2,82,0-2-7-12,.C...C..,double-B star,0,UNKNOWN,130.1,15007
r2,82,0-2-7-12,.K.K..C.,single-B endpoint,0,UNKNOWN,134.0,18004
r2,82,0-2-7-12,.K..C..K,single-B endpoint,0,UNKNOWN,124.1,15006
r2,82,0-2-7-12,..C..K.K,single-B endpoint,0,UNKNOWN,127.1,15005
r2,82,0-2-7-12,..C...C.,double-B star,0,UNKNOWN,121.7,15002
r2,82,0-2-7-12,..K.K..C,single-B endpoint,0,UNKNOWN,125.2,15002
r2,82,0-2-7-12,...C...C,double-B star,0,UNKNOWN,126.6,21004
r2,83,0-2-7-13,C..K.K..,single-B endpoint,0,UNKNOWN,140.7,15006
r2,83,0-2-7-13,C...C...,double-B star,0,UNKNOWN,128.0,12002
r2,83,0-2-7-13,K.K..C..,single-B endpoint,0,UNKNOWN,124.7,15005
r2,83,0-2-7-13,K..C..K.,single-B endpoint,0,UNKNOWN,126.8,18005
r2,83,0-2-7-13,.C..K.K.,single-B endpoint,0,UNKNOWN,127.2,15001
r2,83,0-2-7-13,.C...C..,double-B star,0,UNKNOWN,157.4,15003
r2,83,0-2-7-13,.K.K..C.,single-B endpoint,0,UNKNOWN,123.4,15007
r2,83,0-2-7-13,.K..C..K,single-B endpoint,0,UNKNOWN,129.3,15001
r2,83,0-2-7-13,..C..K.K,single-B endpoint,0,UNKNOWN,123.8,18003
r2,83,0-2-7-13,..C...C.,double-B star,0,UNKNOWN,133.6,18004
r2,83,0-2-7-13,..K.K..C,single-B endpoint,0,UNKNOWN,136.8,15010
r2,83,0-2-7-13,...C...C,double-B star,0,UNKNOWN,141.2,18003
r2,84,0-2-8-10,C..K.K..,single-B endpoint,0,UNKNOWN,136.4,18008
r2,84,0-2-8-10,C...C...,double-B star,0,UNSAT,72.7,11705
r2,84,0-2-8-10,K.K..C..,single-B endpoint,0,UNKNOWN,132.4,15006
r2,84,0-2-8-10,K..C..K.,single-B endpoint,0,UNSAT,123.2,19488
r2,84,0-2-8-10,.C..K.K.,single-B endpoint,0,UNKNOWN,131.2,15002
r2,84,0-2-8-10,.C...C..,double-B star,0,UNKNOWN,143.8,15004
r2,84,0-2-8-10,.K.K..C.,single-B endpoint,0,UNKNOWN,127.9,15002
r2,84,0-2-8-10,.K..C..K,single-B endpoint,0,UNSAT,99.8,13858
r2,84,0-2-8-10,..C..K.K,single-B endpoint,0,UNKNOWN,134.2,18004
r2,84,0-2-8-10,..C...C.,double-B star,0,UNKNOWN,126.1,15003
r2,84,0-2-8-10,..K.K..C,single-B endpoint,0,UNKNOWN,128.3,18003
r2,84,0-2-8-10,...C...C,double-B star,0,UNSAT,96.0,16635
r2,85,0-2-8-11,C..K.K..,single-B endpoint,0,UNKNOWN,125.9,15006
r2,85,0-2-8-11,C...C...,double-B star,0,UNKNOWN,133.3,15005
r2,85,0-2-8-11,K.K..C..,single-B endpoint,0,UNKNOWN,132.9,15005
r2,85,0-2-8-11,K..C..K.,single-B endpoint,0,UNKNOWN,136.7,21008
r2,85,0-2-8-11,.C..K.K.,single-B endpoint,0,UNKNOWN,133.6,18003
r2,85,0-2-8-11,.C...C..,double-B star,0,UNKNOWN,120.4,15001
r2,85,0-2-8-11,.K.K..C.,single-B endpoint,0,UNKNOWN,139.1,15000
r2,85,0-2-8-11,.K..C..K,single-B endpoint,0,UNKNOWN,134.6,15004
r2,85,0-2-8-11,..C..K.K,single-B endpoint,0,UNKNOWN,120.9,18004
r2,85,0-2-8-11,..C...C.,double-B star,0,UNKNOWN,126.3,18005
r2,85,0-2-8-11,..K.K..C,single-B endpoint,0,UNKNOWN,120.3,15006
r2,85,0-2-8-11,...C...C,double-B star,0,UNSAT,122.8,20282
r2,86,0-2-8-12,C..K.K..,single-B endpoint,0,UNKNOWN,128.8,15001
r2,86,0-2-8-12,C...C...,double-B star,0,UNKNOWN,158.4,15002
r2,86,0-2-8-12,K.K..C..,single-B endpoint,0,UNKNOWN,127.5,15002
r2,86,0-2-8-12,K..C..K.,single-B endpoint,0,UNKNOWN,129.9,18005
r2,86,0-2-8-12,.C..K.K.,single-B endpoint,0,UNKNOWN,128.7,15008
r2,86,0-2-8-12,.C...C..,double-B star,0,UNKNOWN,136.2,15007
r2,86,0-2-8-12,.K.K..C.,single-B endpoint,0,UNKNOWN,124.4,15004
r2,86,0-2-8-12,.K..C..K,single-B endpoint,0,UNKNOWN,137.4,15007
r2,86,0-2-8-12,..C..K.K,single-B endpoint,0,UNKNOWN,130.0,18004
r2,86,0-2-8-12,..C...C.,double-B star,0,UNKNOWN,120.3,18002
r2,86,0-2-8-12,..K.K..C,single-B endpoint,0,UNKNOWN,126.5,15004
r2,86,0-2-8-12,...C...C,double-B star,0,UNKNOWN,121.3,15004
r2,87,0-2-9-11,C..K.K..,single-B endpoint,0,UNKNOWN,123.2,15005
r2,87,0-2-9-11,C...C...,double-B star,0,UNKNOWN,128.3,21008
r2,87,0-2-9-11,K.K..C..,single-B endpoint,0,UNKNOWN,123.6,15008
r2,87,0-2-9-11,K..C..K.,single-B endpoint,0,UNKNOWN,133.1,18001
r2,87,0-2-9-11,.C..K.K.,single-B endpoint,0,UNKNOWN,136.4,18003
r2,87,0-2-9-11,.C...C..,double-B star,0,UNKNOWN,120.3,18004
r2,87,0-2-9-11,.K.K..C.,single-B endpoint,0,UNKNOWN,120.9,15000
r2,87,0-2-9-11,.K..C..K,single-B endpoint,0,UNKNOWN,141.0,15007
r2,87,0-2-9-11,..C..K.K,single-B endpoint,0,UNKNOWN,123.6,15007
r2,87,0-2-9-11,..C...C.,double-B star,0,UNKNOWN,125.9,18006
r2,87,0-2-9-11,..K.K..C,single-B endpoint,0,UNKNOWN,123.6,18007
r2,87,0-2-9-11,...C...C,double-B star,0,UNKNOWN,131.7,21006
r2,88,0-3-6-9,C..K.K..,single-B endpoint,0,UNSAT,63.7,10716
r2,88,0-3-6-9,C...C...,double-B star,0,UNSAT,44.1,7113
r2,88,0-3-6-9,K.K..C..,single-B endpoint,0,UNKNOWN,133.1,15002
r2,88,0-3-6-9,K..C..K.,single-B endpoint,0,UNSAT,64.3,9277
r2,88,0-3-6-9,.C..K.K.,single-B endpoint,0,UNKNOWN,140.0,15002
r2,88,0-3-6-9,.C...C..,double-B star,0,UNKNOWN,136.5,12000
r2,88,0-3-6-9,.K.K..C.,single-B endpoint,0,UNKNOWN,127.0,15005
r2,88,0-3-6-9,.K..C..K,single-B endpoint,0,UNSAT,79.9,10024
r2,88,0-3-6-9,..C..K.K,single-B endpoint,0,UNKNOWN,131.9,15004
r2,88,0-3-6-9,..C...C.,double-B star,0,UNKNOWN,127.0,15001
r2,88,0-3-6-9,..K.K..C,single-B endpoint,0,UNSAT,63.2,9164
r2,88,0-3-6-9,...C...C,double-B star,0,UNSAT,97.0,10875
r2,89,0-3-6-10,C..K.K..,single-B endpoint,0,UNSAT,119.5,18235
r2,89,0-3-6-10,C...C...,double-B star,0,UNSAT,90.1,11437
r2,89,0-3-6-10,K.K..C..,single-B endpoint,0,UNKNOWN,124.2,15002
r2,89,0-3-6-10,K..C..K.,single-B endpoint,0,UNSAT,110.9,16356
r2,89,0-3-6-10,.C..K.K.,single-B endpoint,0,UNKNOWN,145.4,15005
r2,89,0-3-6-10,.C...C..,double-B star,0,UNKNOWN,152.4,9001
r2,89,0-3-6-10,.K.K..C.,single-B endpoint,0,UNKNOWN,139.0,21010
r2,89,0-3-6-10,.K..C..K,single-B endpoint,0,UNSAT,128.4,16126
r2,89,0-3-6-10,..C..K.K,single-B endpoint,0,UNKNOWN,134.8,18007
r2,89,0-3-6-10,..C...C.,double-B star,0,UNKNOWN,128.8,9002
r2,89,0-3-6-10,..K.K..C,single-B endpoint,0,UNSAT,100.2,16399
r2,89,0-3-6-10,...C...C,double-B star,0,UNKNOWN,130.5,12001
r2,90,0-3-6-11,C..K.K..,single-B endpoint,0,UNKNOWN,130.2,21012
r2,90,0-3-6-11,C...C...,double-B star,0,UNKNOWN,121.5,9002
r2,90,0-3-6-11,K.K..C..,single-B endpoint,0,UNKNOWN,134.2,18009
r2,90,0-3-6-11,K..C..K.,single-B endpoint,0,UNKNOWN,127.7,18004
r2,90,0-3-6-11,.C..K.K.,single-B endpoint,0,UNKNOWN,128.0,15009
r2,90,0-3-6-11,.C...C..,double-B star,0,UNKNOWN,125.4,9003
r2,90,0-3-6-11,.K.K..C.,single-B endpoint,0,UNKNOWN,133.8,15009
r2,90,0-3-6-11,.K..C..K,single-B endpoint,0,UNKNOWN,120.1,15004
r2,90,0-3-6-11,..C..K.K,single-B endpoint,0,UNKNOWN,135.7,15005
r2,90,0-3-6-11,..C...C.,double-B star,0,UNKNOWN,158.2,12004
r2,90,0-3-6-11,..K.K..C,single-B endpoint,0,UNKNOWN,121.8,18007
r2,90,0-3-6-11,...C...C,double-B star,0,UNKNOWN,125.3,12003
r2,91,0-3-6-12,C..K.K..,single-B endpoint,0,UNKNOWN,124.4,15005
r2,91,0-3-6-12,C...C...,double-B star,0,UNKNOWN,155.4,12006
r2,91,0-3-6-12,K.K..C..,single-B endpoint,0,UNKNOWN,137.0,18004
r2,91,0-3-6-12,K..C..K.,single-B endpoint,0,UNKNOWN,129.2,18005
r2,91,0-3-6-12,.C..K.K.,single-B endpoint,0,UNKNOWN,140.0,18009
r2,91,0-3-6-12,.C...C..,double-B star,0,UNKNOWN,136.8,9000
r2,91,0-3-6-12,.K.K..C.,single-B endpoint,0,UNKNOWN,137.0,18005
r2,91,0-3-6-12,.K..C..K,single-B endpoint,0,UNKNOWN,135.2,18007
r2,91,0-3-6-12,..C..K.K,single-B endpoint,0,UNKNOWN,128.2,18008
r2,91,0-3-6-12,..C...C.,double-B star,0,UNKNOWN,156.7,12002
r2,91,0-3-6-12,..K.K..C,single-B endpoint,0,UNKNOWN,120.1,15012
r2,91,0-3-6-12,...C...C,double-B star,0,UNKNOWN,147.6,15005
r2,92,0-3-7-10,C..K.K..,single-B endpoint,0,UNKNOWN,121.8,15006
r2,92,0-3-7-10,C...C...,double-B star,0,UNSAT,108.1,12038
r2,92,0-3-7-10,K.K..C..,single-B endpoint,0,UNKNOWN,125.6,18009
r2,92,0-3-7-10,K..C..K.,single-B endpoint,0,UNKNOWN,124.2,21004
r2,92,0-3-7-10,.C..K.K.,single-B endpoint,0,UNKNOWN,138.8,15006
r2,92,0-3-7-10,.C...C..,double-B star,0,UNKNOWN,145.6,12010
r2,92,0-3-7-10,.K.K..C.,single-B endpoint,0,UNKNOWN,127.5,15003
r2,92,0-3-7-10,.K..C..K,single-B endpoint,0,UNSAT,100.1,16872
r2,92,0-3-7-10,..C..K.K,single-B endpoint,0,UNKNOWN,133.8,15005
r2,92,0-3-7-10,..C...C.,double-B star,0,UNKNOWN,139.1,12003
r2,92,0-3-7-10,..K.K..C,single-B endpoint,0,UNKNOWN,141.4,18001
r2,92,0-3-7-10,...C...C,double-B star,0,UNKNOWN,135.7,15007
r2,93,0-3-7-11,C..K.K..,single-B endpoint,0,UNKNOWN,132.3,18002
r2,93,0-3-7-11,C...C...,double-B star,0,UNKNOWN,121.7,12000
r2,93,0-3-7-11,K.K..C..,single-B endpoint,0,UNKNOWN,135.6,15002
r2,93,0-3-7-11,K..C..K.,single-B endpoint,0,UNKNOWN,140.1,21010
r2,93,0-3-7-11,.C..K.K.,single-B endpoint,0,UNKNOWN,126.7,15001
r2,93,0-3-7-11,.C...C..,double-B star,0,UNKNOWN,122.7,9001
r2,93,0-3-7-11,.K.K..C.,single-B endpoint,0,UNKNOWN,126.6,18002
r2,93,0-3-7-11,.K..C..K,single-B endpoint,0,UNKNOWN,125.6,15012
r2,93,0-3-7-11,..C..K.K,single-B endpoint,0,UNKNOWN,126.0,15004
r2,93,0-3-7-11,..C...C.,double-B star,0,UNKNOWN,135.2,12001
r2,93,0-3-7-11,..K.K..C,single-B endpoint,0,UNKNOWN,132.1,18006
r2,93,0-3-7-11,...C...C,double-B star,0,UNKNOWN,135.8,15000
r2,94,0-3-7-12,C..K.K..,single-B endpoint,0,UNKNOWN,120.6,15005
r2,94,0-3-7-12,C...C...,double-B star,0,UNKNOWN,154.3,15006
r2,94,0-3-7-12,K.K..C..,single-B endpoint,0,UNKNOWN,143.6,15009
r2,94,0-3-7-12,K..C..K.,single-B endpoint,0,UNKNOWN,127.1,21003
r2,94,0-3-7-12,.C..K.K.,single-B endpoint,0,UNKNOWN,134.7,15007
r2,94,0-3-7-12,.C...C..,double-B star,0,UNKNOWN,124.6,12002
r2,94,0-3-7-12,.K.K..C.,single-B endpoint,0,UNKNOWN,146.5,15002
r2,94,0-3-7-12,.K..C..K,single-B endpoint,0,UNKNOWN,144.8,15004
r2,94,0-3-7-12,..C..K.K,single-B endpoint,0,UNKNOWN,128.2,15006
r2,94,0-3-7-12,..C...C.,double-B star,0,UNKNOWN,125.0,15003
r2,94,0-3-7-12,..K.K..C,single-B endpoint,0,UNKNOWN,130.7,15003
r2,94,0-3-7-12,...C...C,double-B star,0,UNKNOWN,121.0,18007
r2,95,0-3-7-13,C..K.K..,single-B endpoint,0,UNKNOWN,126.7,15000
r2,95,0-3-7-13,C...C...,double-B star,0,UNKNOWN,122.1,15002
r2,95,0-3-7-13,K.K..C..,single-B endpoint,0,UNKNOWN,152.5,12002
r2,95,0-3-7-13,K..C..K.,single-B endpoint,0,UNKNOWN,166.6,15004
r2,95,0-3-7-13,.C..K.K.,single-B endpoint,0,UNKNOWN,158.8,15006
r2,95,0-3-7-13,.C...C..,double-B star,0,UNKNOWN,122.5,18009
r2,95,0-3-7-13,.K.K..C.,single-B endpoint,0,UNKNOWN,152.7,15001
r2,95,0-3-7-13,.K..C..K,single-B endpoint,0,UNKNOWN,135.0,12005
r2,95,0-3-7-13,..C..K.K,single-B endpoint,0,UNKNOWN,164.0,15004
r2,95,0-3-7-13,..C...C.,double-B star,0,UNKNOWN,127.5,27005
r2,95,0-3-7-13,..K.K..C,single-B endpoint,0,UNKNOWN,135.4,12005
r2,96,0-3-7-14,C..K.K..,single-B endpoint,0,UNKNOWN,126.2,12002
r2,96,0-3-7-14,K.K..C..,single-B endpoint,0,UNKNOWN,129.0,9003
r2,96,0-3-7-14,K..C..K.,single-B endpoint,0,UNKNOWN,121.1,9000
r2,96,0-3-7-14,.C..K.K.,single-B endpoint,0,UNKNOWN,127.8,9000
r2,96,0-3-7-14,.K.K..C.,single-B endpoint,0,UNKNOWN,120.5,9002
r2,96,0-3-7-14,.K..C..K,single-B endpoint,0,UNKNOWN,134.2,9001
r2,96,0-3-7-14,..C..K.K,single-B endpoint,0,UNKNOWN,129.9,12005
r2,96,0-3-7-14,..K.K..C,single-B endpoint,0,UNKNOWN,136.8,12004
r2,97,0-3-8-11,C..K.K..,single-B endpoint,0,UNKNOWN,144.7,12003
r2,97,0-3-8-11,K.K..C..,single-B endpoint,0,UNKNOWN,126.0,9002
r2,97,0-3-8-11,K..C..K.,single-B endpoint,0,UNKNOWN,150.5,15003
r2,97,0-3-8-11,.C..K.K.,single-B endpoint,0,UNKNOWN,154.6,12000
r2,97,0-3-8-11,.K.K..C.,single-B endpoint,0,UNKNOWN,134.1,12005
r2,97,0-3-8-11,.K..C..K,single-B endpoint,0,UNKNOWN,130.2,9001
r2,97,0-3-8-11,..C..K.K,single-B endpoint,0,UNKNOWN,132.9,12003
r2,97,0-3-8-11,..K.K..C,single-B endpoint,0,UNKNOWN,125.9,12002
r2,98,0-3-8-12,C..K.K..,single-B endpoint,0,UNKNOWN,133.9,12003
r2,98,0-3-8-12,K.K..C..,single-B endpoint,0,UNKNOWN,131.5,12002
r2,98,0-3-8-12,K..C..K.,single-B endpoint,0,UNKNOWN,141.0,12004
r2,98,0-3-8-12,.C..K.K.,single-B endpoint,0,UNKNOWN,139.3,12006
r2,98,0-3-8-12,.K.K..C.,single-B endpoint,0,UNKNOWN,137.9,12000
r2,98,0-3-8-12,.K..C..K,single-B endpoint,0,UNKNOWN,136.2,12000
r2,98,0-3-8-12,..C..K.K,single-B endpoint,0,UNKNOWN,135.1,12003
r2,98,0-3-8-12,..K.K..C,single-B endpoint,0,UNKNOWN,135.7,12002
r2,99,0-3-8-13,C..K.K..,single-B endpoint,0,UNKNOWN,127.8,12004
r2,99,0-3-8-13,K.K..C..,single-B endpoint,0,UNKNOWN,121.8,12000
r2,99,0-3-8-13,K..C..K.,single-B endpoint,0,UNKNOWN,121.6,12004
r2,99,0-3-8-13,.C..K.K.,single-B endpoint,0,UNKNOWN,129.3,12001
r2,99,0-3-8-13,.K.K..C.,single-B endpoint,0,UNKNOWN,137.3,12001
r2,99,0-3-8-13,.K..C..K,single-B endpoint,0,UNKNOWN,134.9,12006
r2,99,0-3-8-13,..C..K.K,single-B endpoint,0,UNKNOWN,123.6,12001
r2,99,0-3-8-13,..K.K..C,single-B endpoint,0,UNKNOWN,141.3,15000
r3,12,0-1-3-8,K.K..C..,single-B endpoint,1,UNSAT,124.5,15000
r3,12,0-1-3-8,.C..K.K.,single-B endpoint,1,UNSAT,152.8,19479
r3,13,0-1-3-9,K.K..C..,single-B endpoint,1,UNSAT,196.7,24786
r3,13,0-1-3-9,.C..K.K.,single-B endpoint,1,UNKNOWN,217.5,24014
r3,14,0-1-3-10,K.K..C..,single-B endpoint,1,UNKNOWN,204.4,21004
r3,14,0-1-3-10,.C..K.K.,single-B endpoint,1,UNSAT,202.3,25790
r3,15,0-1-3-11,K.K..C..,single-B endpoint,1,UNSAT,172.5,22891
r3,15,0-1-3-11,.C..K.K.,single-B endpoint,1,UNSAT,190.9,26350
r3,16,0-1-3-12,K.K..C..,single-B endpoint,1,UNSAT,172.2,24274
r3,16,0-1-3-12,.C..K.K.,single-B endpoint,1,UNKNOWN,206.1,24016
r3,17,0-1-3-13,K.K..C..,single-B endpoint,1,UNSAT,121.1,17488
r3,17,0-1-3-13,.C..K.K.,single-B endpoint,1,UNSAT,147.0,17882
r3,23,0-1-4-7,K.K..C..,single-B endpoint,1,UNSAT,187.1,20119
r3,23,0-1-4-7,.C..K.K.,single-B endpoint,1,UNSAT,146.6,17766
r3,23,0-1-4-7,..C..K.K,single-B endpoint,1,UNSAT,76.3,11016
r3,24,0-1-4-8,K.K..C..,single-B endpoint,1,UNKNOWN,211.6,27009
r3,24,0-1-4-8,.C..K.K.,single-B endpoint,1,UNSAT,145.4,21845
r3,24,0-1-4-8,..C..K.K,single-B endpoint,1,UNSAT,112.6,14840
r3,25,0-1-4-9,K.K..C..,single-B endpoint,1,UNKNOWN,201.8,21003
r3,25,0-1-4-9,.C..K.K.,single-B endpoint,1,UNKNOWN,200.9,21013
r3,25,0-1-4-9,.K.K..C.,single-B endpoint,1,UNSAT,126.7,16500
r3,26,0-1-4-10,K.K..C..,single-B endpoint,1,UNKNOWN,201.4,27011
r3,26,0-1-4-10,.C..K.K.,single-B endpoint,1,UNKNOWN,204.9,27008
r3,27,0-1-4-11,K.K..C..,single-B endpoint,1,UNKNOWN,222.4,27012
r3,27,0-1-4-11,.C..K.K.,single-B endpoint,1,UNKNOWN,221.5,27005
r3,28,0-1-4-12,K.K..C..,single-B endpoint,1,UNKNOWN,206.0,24004
r3,28,0-1-4-12,.C..K.K.,single-B endpoint,1,UNKNOWN,201.8,24003
r3,28,0-1-4-12,.K..C..K,single-B endpoint,1,UNSAT,102.4,13077
r3,29,0-1-4-13,C..K.K..,single-B endpoint,1,UNSAT,66.6,11207
r3,29,0-1-4-13,.C..K.K.,single-B endpoint,1,UNKNOWN,204.6,27011
r3,29,0-1-4-13,.K..C..K,single-B endpoint,1,UNSAT,190.3,22045
r3,33,0-1-5-7,.K.K..C.,single-B endpoint,1,UNSAT,136.4,16507
r3,33,0-1-5-7,..C..K.K,single-B endpoint,1,UNSAT,156.2,24509
r3,35,0-1-5-9,..C..K.K,single-B endpoint,1,UNSAT,131.3,18429
